#include "assets.h"

/* Tetromino Block Bitmap */
unsigned int block_bitmap[] = {
    0x0000,
	0x7FFE,
    0x7FFE,
    0x7FFE,
    0x7FFE,
    0x7FFE,
    0x7FFE,
    0x7FFE,
    0x7FFE,
    0x7FFE,
    0x7FFE,
    0x7FFE,
    0x7FFE,
    0x7FFE,
    0x7FFE,
    0x0000
};


/* Bitmap for startup the splash screen */

unsigned long splash_screen_bitmap[] = {
0x00000000, 0x00000000, 0x00000000, 0x00000000, 0x00000000, 0x00000000, 0x00000000, 0x00000000, 0x00000000, 0x00000000, 0x00000000, 0x00000000, 0x00000000, 0x00000000, 0x00000000, 0x00000000, 0x00000000, 0x00000000, 0x00000000, 0x00000000, 
	0x00000000, 0x00000000, 0x00000000, 0x00000000, 0x00000000, 0x00000000, 0x00000000, 0x00000000, 0x00000000, 0x00000000, 0x00000000, 0x00000000, 0x00000000, 0x00000000, 0x00000000, 0x00000000, 0x00000000, 0x00000000, 0x00000000, 0x00000000, 
	0x00000000, 0x00000000, 0x00000000, 0x00000000, 0x00000000, 0x00000000, 0x00000000, 0x00000000, 0x00000000, 0x00000000, 0x00000000, 0x00000000, 0x00000000, 0x00000000, 0x00000000, 0x00000000, 0x00000000, 0x00000000, 0x00000000, 0x00000000, 
	0x00000000, 0x00000000, 0x00000000, 0x00000000, 0x00000000, 0x00000000, 0x00000000, 0x00000000, 0x00000000, 0x00000000, 0x00000000, 0x00000000, 0x00000000, 0x00000000, 0x00000000, 0x00000000, 0x00000000, 0x00000000, 0x00000000, 0x00000000, 
	0x00000000, 0x00000000, 0x00000000, 0x00000000, 0x00000000, 0x00000000, 0x00000000, 0x00000000, 0x00000000, 0x00000000, 0x00000000, 0x00000000, 0x00000000, 0x00000000, 0x00000000, 0x00000000, 0x00000000, 0x00000000, 0x00000000, 0x00000000, 
	0x00000000, 0x00000000, 0x00000000, 0x00000000, 0x00000000, 0x00000000, 0x00000000, 0x00000000, 0x00000000, 0x00000000, 0x00000000, 0x00000000, 0x00000000, 0x00000000, 0x00000000, 0x00000000, 0x00000000, 0x00000000, 0x00000000, 0x00000000, 
	0x00000000, 0x00000000, 0x00000000, 0x00000000, 0x00000000, 0x00000000, 0x00000000, 0x00000000, 0x00000000, 0x00000000, 0x00000000, 0x00000000, 0x00000000, 0x00000000, 0x00000000, 0x00000000, 0x00000000, 0x00000000, 0x00000000, 0x00000000, 
	0x00000000, 0x00000000, 0x00000000, 0x00000000, 0x00000000, 0x00000000, 0x00000000, 0x00000000, 0x00000000, 0x00000000, 0x00000000, 0x00000000, 0x00000000, 0x00000000, 0x00000000, 0x00000000, 0x00000000, 0x00000000, 0x00000000, 0x00000000, 
	0x00000000, 0x00000000, 0x00000000, 0x00000000, 0x00000000, 0x00000000, 0x00000000, 0x00000000, 0x00000000, 0x00000000, 0x00000000, 0x00000000, 0x00000000, 0x00000000, 0x00000000, 0x00000000, 0x00000000, 0x00000000, 0x00000000, 0x00000000, 
	0x00000000, 0x00000000, 0x00000000, 0x00000000, 0x00000000, 0x00000000, 0x00000000, 0x00000000, 0x00000000, 0x00000000, 0x00000000, 0x00000000, 0x00000000, 0x00000000, 0x00000000, 0x00000000, 0x00000000, 0x00000000, 0x00000000, 0x00000000, 
	0x00000000, 0x00000000, 0x00000000, 0x00000000, 0x00000000, 0x00000000, 0x00000000, 0x00000000, 0x00000000, 0x00000000, 0x00000000, 0x00000000, 0x00000000, 0x00000000, 0x00000000, 0x00000000, 0x00000000, 0x00000000, 0x00000000, 0x00000000, 
	0x00000000, 0x00000000, 0x00000000, 0x00000000, 0x00000000, 0x00000000, 0x00000000, 0x00000000, 0x00000000, 0x00000000, 0x00000000, 0x00000000, 0x00000000, 0x00000000, 0x00000000, 0x00000000, 0x00000000, 0x00000000, 0x00000000, 0x00000000, 
	0x00000000, 0x00000000, 0x00000000, 0x00000000, 0x00000000, 0x00000000, 0x00000000, 0x00000000, 0x00000000, 0x00000000, 0x00000000, 0x00000000, 0x00000000, 0x00000000, 0x00000000, 0x00000000, 0x00000000, 0x00000000, 0x00000000, 0x00000000, 
	0x00000000, 0x00000000, 0x00000000, 0x00000000, 0x00000000, 0x00000000, 0x00000000, 0x00000000, 0x00000000, 0x00000000, 0x00000000, 0x00000000, 0x00000000, 0x00000000, 0x00000000, 0x00000000, 0x00000000, 0x00000000, 0x00000000, 0x00000000, 
	0x00000000, 0x00000000, 0x00000000, 0x00000000, 0x00000000, 0x00000000, 0x00000000, 0x00000000, 0x00000000, 0x00000000, 0x00000000, 0x00000000, 0x00000000, 0x00000000, 0x00000000, 0x00000000, 0x00000000, 0x00000000, 0x00000000, 0x00000000, 
	0x00000000, 0x00000000, 0x00000000, 0x00000000, 0x00000000, 0x00000000, 0x00000000, 0x00000000, 0x00000000, 0x00000000, 0x00000000, 0x00000000, 0x00000000, 0x00000000, 0x00000000, 0x00000000, 0x00000000, 0x00000000, 0x00000000, 0x00000000, 
	0x00000000, 0x00000000, 0x00000000, 0x00000000, 0x00000000, 0x00000000, 0x00000000, 0x00000000, 0x00000000, 0x00000000, 0x00000000, 0x00000000, 0x00000000, 0x00000000, 0x00000000, 0x00000000, 0x00000000, 0x00000000, 0x00000000, 0x00000000, 
	0x00000000, 0x00000000, 0x00000000, 0x00000000, 0x00000000, 0x00000000, 0x00000000, 0x00000000, 0x00000000, 0x00000000, 0x00000000, 0x00000000, 0x00000000, 0x00000000, 0x00000000, 0x00000000, 0x00000000, 0x00000000, 0x00000000, 0x00000000, 
	0x00000000, 0x00000000, 0x00000000, 0x00000000, 0x00000000, 0x00000000, 0x00000000, 0x00000000, 0x00000000, 0x00000000, 0x00000000, 0x00000000, 0x00000000, 0x00000000, 0x00000000, 0x00000000, 0x00000000, 0x00000000, 0x00000000, 0x00000000, 
	0x00000000, 0x00000000, 0x00000000, 0x00000000, 0x00000000, 0x00000000, 0x00000000, 0x00000000, 0x00000000, 0x00000000, 0x00000000, 0x00000000, 0x00000000, 0x00000000, 0x00000000, 0x00000000, 0x00000000, 0x00000000, 0x00000000, 0x00000000, 
	0x00000000, 0x00000000, 0x00000000, 0x00000000, 0x00000000, 0x00000000, 0x00000000, 0x00000000, 0x00000000, 0x00000000, 0x00000000, 0x00000000, 0x00000000, 0x00000000, 0x00000000, 0x00000000, 0x00000000, 0x00000000, 0x00000000, 0x00000000, 
	0x00000000, 0x00000000, 0x00000000, 0x00000000, 0x00000000, 0x00000000, 0x00000000, 0x00000000, 0x00000000, 0x00000000, 0x00000000, 0x00000000, 0x00000000, 0x00000000, 0x00000000, 0x00000000, 0x00000000, 0x00000000, 0x00000000, 0x00000000, 
	0x00000000, 0x00000000, 0x00000000, 0x00000000, 0x00000000, 0x00000000, 0x00000000, 0x00000000, 0x00000000, 0x00000000, 0x00000000, 0x00000000, 0x00000000, 0x00000000, 0x00000000, 0x00000000, 0x00000000, 0x00000000, 0x00000000, 0x00000000, 
	0x00000000, 0x00000000, 0x00000000, 0x00000000, 0x00000000, 0x00000000, 0x00000000, 0x00000000, 0x00000000, 0x00000000, 0x00000000, 0x00000000, 0x00000000, 0x00000000, 0x00000000, 0x00000000, 0x00000000, 0x00000000, 0x00000000, 0x00000000, 
	0x00000000, 0x00000000, 0x00000000, 0x00000000, 0x00000000, 0x00000000, 0x00000000, 0x00000000, 0x00000000, 0x00000000, 0x00000000, 0x00000000, 0x00000000, 0x00000000, 0x00000000, 0x00000000, 0x00000000, 0x00000000, 0x00000000, 0x00000000, 
	0x00000000, 0x00000000, 0x00000000, 0x00000000, 0x00000000, 0x00000000, 0x00000000, 0x00000000, 0x00000000, 0x00000000, 0x00000000, 0x00000000, 0x00000000, 0x00000000, 0x00000000, 0x00000000, 0x00000000, 0x00000000, 0x00000000, 0x00000000, 
	0x00000000, 0x00000000, 0x00000000, 0x00000000, 0x00000000, 0x00000000, 0x00000000, 0x00000000, 0x00000000, 0x00000000, 0x00000000, 0x00000000, 0x00000000, 0x00000000, 0x00000000, 0x00000000, 0x00000000, 0x00000000, 0x00000000, 0x00000000, 
	0x00000000, 0x00000000, 0x00000000, 0x00000000, 0x00000000, 0x00000000, 0x00000000, 0x00000000, 0x00000000, 0x00000000, 0x00000000, 0x00000000, 0x00000000, 0x00000000, 0x00000000, 0x00000000, 0x00000000, 0x00000000, 0x00000000, 0x00000000, 
	0x00000000, 0x00000000, 0x00000000, 0x00000000, 0x00000000, 0x00000000, 0x00000000, 0x00000000, 0x00000000, 0x00000000, 0x00000000, 0x00000000, 0x00000000, 0x00000000, 0x00000000, 0x00000000, 0x00000000, 0x00000000, 0x00000000, 0x00000000, 
	0x00000000, 0x00000000, 0x00000000, 0x00000000, 0x00000000, 0x00000000, 0x00000000, 0x00000000, 0x00000000, 0x00000000, 0x00000000, 0x00000000, 0x00000000, 0x00000000, 0x00000000, 0x00000000, 0x00000000, 0x00000000, 0x00000000, 0x00000000, 
	0x00000000, 0x00000000, 0x00000000, 0x00000000, 0x00000000, 0x00000000, 0x00000000, 0x00000000, 0x00000000, 0x00000000, 0x00000000, 0x00000000, 0x00000000, 0x00000000, 0x00000000, 0x00000000, 0x00000000, 0x00000000, 0x00000000, 0x00000000, 
	0x00000000, 0x00000000, 0x00000000, 0x00000000, 0x00000000, 0x00000000, 0x00000000, 0x00000000, 0x00000000, 0x00000000, 0x00000000, 0x00000000, 0x00000000, 0x00000000, 0x00000000, 0x00000000, 0x00000000, 0x00000000, 0x00000000, 0x00000000, 
	0x00000000, 0x00000000, 0x00000000, 0x00000000, 0x00000000, 0x00000000, 0x00000000, 0x00000000, 0x00000000, 0x00000000, 0x00000000, 0x00000000, 0x00000000, 0x00000000, 0x00000000, 0x00000000, 0x00000000, 0x00000000, 0x00000000, 0x00000000, 
	0x00000000, 0x00000000, 0x00000000, 0x00000000, 0x00000000, 0x00000000, 0x00000000, 0x00000000, 0x00000000, 0x00000000, 0x00000000, 0x00000000, 0x00000000, 0x00000000, 0x00000000, 0x00000000, 0x00000000, 0x00000000, 0x00000000, 0x00000000, 
	0x00000000, 0x00000000, 0x00000000, 0x00000000, 0x00000000, 0x00000000, 0x00000000, 0x00000000, 0x00000000, 0x00000000, 0x00000000, 0x00000000, 0x00000000, 0x00000000, 0x00000000, 0x00000000, 0x00000000, 0x00000000, 0x00000000, 0x00000000, 
	0x00000000, 0x00000000, 0x00000000, 0x00000000, 0x00000000, 0x00000000, 0x00000000, 0x00000000, 0x00000000, 0x00000000, 0x00000000, 0x00000000, 0x00000000, 0x00000000, 0x00000000, 0x00000000, 0x00000000, 0x00000000, 0x00000000, 0x00000000, 
	0x00000000, 0x00000000, 0x00000000, 0x00000000, 0x00000000, 0x00000000, 0x00000000, 0x00000000, 0x00000000, 0x00000000, 0x00000000, 0x00000000, 0x00000000, 0x00000000, 0x00000000, 0x00000000, 0x00000000, 0x00000000, 0x00000000, 0x00000000, 
	0x00000000, 0x00000000, 0x00000000, 0x00000000, 0x00000000, 0x00000000, 0x00000000, 0x00000000, 0x00000000, 0x00000000, 0x00000000, 0x00000000, 0x00000000, 0x00000000, 0x00000000, 0x00000000, 0x00000000, 0x00000000, 0x00000000, 0x00000000, 
	0x00000000, 0x00000000, 0x00000000, 0x00000000, 0x00000000, 0x00000000, 0x00000000, 0x00000000, 0x00000000, 0x00000000, 0x00000000, 0x00000000, 0x00000000, 0x00000000, 0x00000000, 0x00000000, 0x00000000, 0x00000000, 0x00000000, 0x00000000, 
	0x00000000, 0x00000000, 0x00000000, 0x00000000, 0x00000000, 0x00000000, 0x00000000, 0x00000000, 0x00000000, 0x00000000, 0x00000000, 0x00000000, 0x00000000, 0x00000000, 0x00000000, 0x00000000, 0x00000000, 0x00000000, 0x00000000, 0x00000000, 
	0x00000000, 0x00000000, 0x00000000, 0x00000000, 0x00000000, 0x00000000, 0x00000000, 0x00000000, 0x00000000, 0x00000000, 0x00000000, 0x00000000, 0x00000000, 0x00000000, 0x00000000, 0x00000000, 0x00000000, 0x00000000, 0x00000000, 0x00000000, 
	0x00000000, 0x00000000, 0x00000000, 0x00000000, 0x00000000, 0x00000000, 0x00000000, 0x00000000, 0x00000000, 0x00000000, 0x00000000, 0x00000000, 0x00000000, 0x00000000, 0x00000000, 0x00000000, 0x00000000, 0x00000000, 0x00000000, 0x00000000, 
	0x00000000, 0x00000000, 0x00000000, 0x00000000, 0x00000000, 0x00000000, 0x00000000, 0x00000000, 0x00000000, 0x00000000, 0x00000000, 0x00000000, 0x00000000, 0x00000000, 0x00000000, 0x00000000, 0x00000000, 0x00000000, 0x00000000, 0x00000000, 
	0x00000000, 0x00000000, 0x00000000, 0x00000000, 0x00000000, 0x00000000, 0x00000000, 0x00000000, 0x00000000, 0x00000000, 0x00000000, 0x00000000, 0x00000000, 0x00000000, 0x00000000, 0x00000000, 0x00000000, 0x00000000, 0x00000000, 0x00000000, 
	0x00000000, 0x00000000, 0x00000000, 0x00000000, 0x00000000, 0x00000000, 0x00000000, 0x00000000, 0x00000000, 0x00000000, 0x00000000, 0x00000000, 0x00000000, 0x00000000, 0x00000000, 0x00000000, 0x00000000, 0x00000000, 0x00000000, 0x00000000, 
	0x00000000, 0x00000000, 0x00000000, 0x00000000, 0x00000000, 0x00000000, 0x00000000, 0x00000000, 0x00000000, 0x00000000, 0x00000000, 0x00000000, 0x00000000, 0x00000000, 0x00000000, 0x00000000, 0x00000000, 0x00000000, 0x00000000, 0x00000000, 
	0x00000000, 0x00000000, 0x00000000, 0x00000000, 0x00000000, 0x00000000, 0x00000000, 0x00000000, 0x00000000, 0x00000000, 0x00000000, 0x00000000, 0x00000000, 0x00000000, 0x00000000, 0x00000000, 0x00000000, 0x00000000, 0x00000000, 0x00000000, 
	0x00000000, 0x00000000, 0x00000000, 0x00000000, 0x00000000, 0x00000000, 0x00000000, 0x00000000, 0x00000000, 0x00000000, 0x00000000, 0x00000000, 0x00000000, 0x00000000, 0x00000000, 0x00000000, 0x00000000, 0x00000000, 0x00000000, 0x00000000, 
	0x00000000, 0x00000000, 0x00000000, 0x00000000, 0x00000000, 0x00000000, 0x00000000, 0x00000000, 0x00000000, 0x00000000, 0x00000000, 0x00000000, 0x00000000, 0x00000000, 0x00000000, 0x00000000, 0x00000000, 0x00000000, 0x00000000, 0x00000000, 
	0x00000000, 0x00000000, 0x00000000, 0x00000000, 0x00000000, 0x00000000, 0x00000000, 0x00000000, 0x00000000, 0x00000000, 0x00000000, 0x00000000, 0x00000000, 0x00000000, 0x00000000, 0x00000000, 0x00000000, 0x00000000, 0x00000000, 0x00000000, 
	0x00000000, 0x00000000, 0x00000000, 0x00000000, 0x00000000, 0x00000000, 0x00000000, 0x00000000, 0x00000000, 0x00000000, 0x00000000, 0x00000000, 0x00000000, 0x00000000, 0x00000000, 0x00000000, 0x00000000, 0x00000000, 0x00000000, 0x00000000, 
	0x00000000, 0x00000000, 0x00000000, 0x00000000, 0x00000000, 0x00000000, 0x00000000, 0x00000000, 0x00000000, 0x00000000, 0x00000000, 0x00000000, 0x00000000, 0x00000000, 0x00000000, 0x00000000, 0x00000000, 0x00000000, 0x00000000, 0x00000000, 
	0x00000000, 0x00000000, 0x00000000, 0x00000000, 0x00000000, 0x00000000, 0x00000000, 0x00000000, 0x00000000, 0x00000000, 0x00000000, 0x00000000, 0x00000000, 0x00000000, 0x00000000, 0x00000000, 0x00000000, 0x00000000, 0x00000000, 0x00000000, 
	0x00000000, 0x00000000, 0x00000000, 0x00000000, 0x00000000, 0x00000000, 0x00000000, 0x00000000, 0x00000000, 0x00000000, 0x00000000, 0x00000000, 0x00000000, 0x00000000, 0x00000000, 0x00000000, 0x00000000, 0x00000000, 0x00000000, 0x00000000, 
	0x00000000, 0x00000000, 0x00000000, 0x00000000, 0x00000000, 0x00000000, 0x00000000, 0x00000000, 0x00000000, 0x00000000, 0x00000000, 0x00000000, 0x00000000, 0x00000000, 0x00000000, 0x00000000, 0x00000000, 0x00000000, 0x00000000, 0x00000000, 
	0x00000000, 0x00000000, 0x00000000, 0x00000000, 0x00000000, 0x00000000, 0x00000000, 0x00000000, 0x00000000, 0x00000000, 0x00000000, 0x00000000, 0x00000000, 0x00000000, 0x00000000, 0x00000000, 0x00000000, 0x00000000, 0x00000000, 0x00000000, 
	0x00000000, 0x00000000, 0x00000000, 0x00000000, 0x00000000, 0x00000000, 0x00000000, 0x00000000, 0x00000000, 0x00000000, 0x00000000, 0x00000000, 0x00000000, 0x00000000, 0x00000000, 0x00000000, 0x00000000, 0x00000000, 0x00000000, 0x00000000, 
	0x00000000, 0x00000000, 0x00000000, 0x00000000, 0x00000000, 0x00000000, 0x00000000, 0x00000000, 0x00000000, 0x00000000, 0x00000000, 0x00000000, 0x00000000, 0x00000000, 0x00000000, 0x00000000, 0x00000000, 0x00000000, 0x00000000, 0x00000000, 
	0x00000000, 0x00000000, 0x00000000, 0x00000000, 0x00000000, 0x00000000, 0x00000000, 0x00000000, 0x00000000, 0x00000000, 0x00000000, 0x00000000, 0x00000000, 0x00000000, 0x00000000, 0x00000000, 0x00000000, 0x00000000, 0x00000000, 0x00000000, 
	0x00000000, 0x00000000, 0x00000000, 0x00000000, 0x00000000, 0x00000000, 0x00000000, 0x00000000, 0x00000000, 0x00000000, 0x00000000, 0x00000000, 0x00000000, 0x00000000, 0x00000000, 0x00000000, 0x00000000, 0x00000000, 0x00000000, 0x00000000, 
	0x00000000, 0x00000000, 0x00000000, 0x00000000, 0x00000000, 0x00000000, 0x00000000, 0x00000000, 0x00000000, 0x00000000, 0x00000000, 0x00000000, 0x00000000, 0x00000000, 0x00000000, 0x00000000, 0x00000000, 0x00000000, 0x00000000, 0x00000000, 
	0x00000000, 0x00000000, 0x00000000, 0x00000000, 0x00000000, 0x00000000, 0x00000000, 0x00000000, 0x00000000, 0x00000000, 0x00000000, 0x00000000, 0x00000000, 0x00000000, 0x00000000, 0x00000000, 0x00000000, 0x00000000, 0x00000000, 0x00000000, 
	0x00000000, 0x00000000, 0x00000000, 0x00000000, 0x00000000, 0x00000000, 0x00000000, 0x00000000, 0x00000000, 0x00000000, 0x00000000, 0x00000000, 0x00000000, 0x00000000, 0x00000000, 0x00000000, 0x00000000, 0x00000000, 0x00000000, 0x00000000, 
	0x00000000, 0x00000000, 0x00000000, 0x00000000, 0x00000000, 0x00000000, 0x00000000, 0x00000000, 0x00000000, 0x00000000, 0x00000000, 0x00000000, 0x00000000, 0x00000000, 0x00000000, 0x00000000, 0x00000000, 0x00000000, 0x00000000, 0x00000000, 
	0x00000000, 0x00000000, 0x00000000, 0x00000000, 0x00000000, 0x00000000, 0x00000000, 0x00000000, 0x00000000, 0x00000000, 0x00000000, 0x00000000, 0x00000000, 0x00000000, 0x00000000, 0x00000000, 0x00000000, 0x00000000, 0x00000000, 0x00000000, 
	0x00000000, 0x00000000, 0x00000000, 0x00000000, 0x00000000, 0x00000000, 0x00000000, 0x00000000, 0x00000000, 0x00000000, 0x00000000, 0x00000000, 0x00000000, 0x00000000, 0x00000000, 0x00000000, 0x00000000, 0x00000000, 0x00000000, 0x00000000, 
	0x00000000, 0x00000000, 0x00000000, 0x00000000, 0x00000000, 0x00000000, 0x00000000, 0x00000000, 0x00000000, 0x00000000, 0x00000000, 0x00000000, 0x00000000, 0x00000000, 0x00000000, 0x00000000, 0x00000000, 0x00000000, 0x00000000, 0x00000000, 
	0x00000000, 0x00000000, 0x00000000, 0x00000000, 0x00000000, 0x00000000, 0x00000000, 0x00000000, 0x00000000, 0x00000000, 0x00000000, 0x00000000, 0x00000000, 0x00000000, 0x00000000, 0x00000000, 0x00000000, 0x00000000, 0x00000000, 0x00000000, 
	0x00000000, 0x00000000, 0x00000000, 0x00000000, 0x00000000, 0x00000000, 0x00000000, 0x00000000, 0x00000000, 0x00000000, 0x00000000, 0x00000000, 0x00000000, 0x00000000, 0x00000000, 0x00000000, 0x00000000, 0x00000000, 0x00000000, 0x00000000, 
	0x00000000, 0x00000000, 0x00000000, 0x00000000, 0x00000000, 0x00000000, 0x00000000, 0x00000000, 0x00000000, 0x00000000, 0x00000000, 0x00000000, 0x00000000, 0x00000000, 0x00000000, 0x00000000, 0x00000000, 0x00000000, 0x00000000, 0x00000000, 
	0x00000000, 0x00000000, 0x00000000, 0x00000000, 0x00000000, 0x00000000, 0x00000000, 0x00000000, 0x00000000, 0x00000000, 0x00000000, 0x00000000, 0x00000000, 0x00000000, 0x00000000, 0x00000000, 0x00000000, 0x00000000, 0x00000000, 0x00000000, 
	0x00000000, 0x00000000, 0x00000000, 0x00000000, 0x00000000, 0x00000000, 0x00000000, 0x00000000, 0x00000000, 0x00000000, 0x00000000, 0x00000000, 0x00000000, 0x00000000, 0x00000000, 0x00000000, 0x00000000, 0x00000000, 0x00000000, 0x00000000, 
	0x00000000, 0x00000000, 0x00000000, 0x00000000, 0x00000000, 0x00000000, 0x00000000, 0x00000000, 0x00000000, 0x00000000, 0x00000000, 0x00000000, 0x00000000, 0x00000000, 0x00000000, 0x00000000, 0x00000000, 0x00000000, 0x00000000, 0x00000000, 
	0x00000000, 0x00000000, 0x00000000, 0x00000000, 0x00000000, 0x00000000, 0x00000000, 0x00000000, 0x00000000, 0x00000000, 0x00000000, 0x00000000, 0x00000000, 0x00000000, 0x00000000, 0x00000000, 0x00000000, 0x00000000, 0x00000000, 0x00000000, 
	0x00000000, 0x00000000, 0x00000000, 0x00000000, 0x00000000, 0x00000000, 0x00000000, 0x00000000, 0x00000000, 0x00000000, 0x00000000, 0x00000000, 0x00000000, 0x00000000, 0x00000000, 0x00000000, 0x00000000, 0x00000000, 0x00000000, 0x00000000, 
	0x00000000, 0x00000000, 0x00000000, 0x00000000, 0x00000000, 0x00000000, 0x00000000, 0x00000000, 0x00000000, 0x00000000, 0x00000000, 0x00000000, 0x00000000, 0x00000000, 0x00000000, 0x00000000, 0x00000000, 0x00000000, 0x00000000, 0x00000000, 
	0x00000000, 0x00000000, 0x00000000, 0x00000000, 0x00000000, 0x00000000, 0x00000000, 0x00000000, 0x00000000, 0x00000000, 0x00000000, 0x00000000, 0x00000000, 0x00000000, 0x00000000, 0x00000000, 0x00000000, 0x00000000, 0x00000000, 0x00000000, 
	0x00000000, 0x00000000, 0x00000000, 0x00000000, 0x00000000, 0x00000000, 0x00000000, 0x00000000, 0x00000000, 0x00000000, 0x00000000, 0x00000000, 0x00000000, 0x00000000, 0x00000000, 0x00000000, 0x00000000, 0x00000000, 0x00000000, 0x00000000, 
	0x00000000, 0x00000000, 0x00000000, 0x00000000, 0x00000000, 0x00000000, 0x00000000, 0x00000000, 0x00000000, 0x00000000, 0x00000000, 0x00000000, 0x00000000, 0x00000000, 0x00000000, 0x00000000, 0x00000000, 0x00000000, 0x00000000, 0x00000000, 
	0x00000000, 0x00000000, 0x00000000, 0x00000000, 0x00000000, 0x00000000, 0x00000000, 0x00000000, 0x00000000, 0x00000000, 0x00000000, 0x00000000, 0x00000000, 0x00000000, 0x00000000, 0x00000000, 0x00000000, 0x00000000, 0x00000000, 0x00000000, 
	0x00000000, 0x00000000, 0x00000000, 0x00000000, 0x00000000, 0x00000000, 0x00000000, 0x00000000, 0x00000000, 0x00000000, 0x00000000, 0x00000000, 0x00000000, 0x00000000, 0x00000000, 0x00000000, 0x00000000, 0x00000000, 0x00000000, 0x00000000, 
	0x00000000, 0x00000000, 0x00000000, 0x00000000, 0x00000000, 0x00000000, 0x00000000, 0x00000000, 0x00000000, 0x00000000, 0x00000000, 0x00000000, 0x00000000, 0x00000000, 0x00000000, 0x00000000, 0x00000000, 0x00000000, 0x00000000, 0x00000000, 
	0x00000000, 0x00000000, 0x00000000, 0x00000000, 0x00000000, 0x00000000, 0x00000000, 0x00000000, 0x00000000, 0x00000000, 0x00000000, 0x00000000, 0x00000000, 0x00000000, 0x00000000, 0x00000000, 0x00000000, 0x00000000, 0x00000000, 0x00000000, 
	0x00000000, 0x00000000, 0x00000000, 0x00000000, 0x00000000, 0x00000000, 0x00000000, 0x00000000, 0x00000000, 0x00000000, 0x00000000, 0x00000000, 0x00000000, 0x00000000, 0x00000000, 0x00000000, 0x00000000, 0x00000000, 0x00000000, 0x00000000, 
	0x00000000, 0x00000000, 0x00000000, 0x00000000, 0x00000000, 0x00000000, 0x00000000, 0x00000000, 0x00000000, 0x00000000, 0x00000000, 0x00000000, 0x00000000, 0x00000000, 0x00000000, 0x00000000, 0x00000000, 0x00000000, 0x00000000, 0x00000000, 
	0x00000000, 0x00000000, 0x00000000, 0x00000000, 0x00000000, 0x00000000, 0x00000000, 0x00000000, 0x00000000, 0x00000000, 0x00000000, 0x00000000, 0x00000000, 0x00000000, 0x00000000, 0x00000000, 0x00000000, 0x00000000, 0x00000000, 0x00000000, 
	0x00000000, 0x00000000, 0x00000000, 0x00000000, 0x00000000, 0x00000000, 0x00000000, 0x00000000, 0x00000000, 0x00000000, 0x00000000, 0x00000000, 0x00000000, 0x00000000, 0x00000000, 0x00000000, 0x00000000, 0x00000000, 0x00000000, 0x00000000, 
	0x00000000, 0x00000000, 0x00000000, 0x00000000, 0x00000000, 0x00000000, 0x00000000, 0x00000000, 0x00000000, 0x00000000, 0x00000000, 0x00000000, 0x00000000, 0x00000000, 0x00000000, 0x00000000, 0x00000000, 0x00000000, 0x00000000, 0x00000000, 
	0x00000000, 0x00000000, 0x00000000, 0x00000000, 0x00000000, 0x00000000, 0x00000000, 0x00000000, 0x00000000, 0x00000000, 0x00000000, 0x00000000, 0x00000000, 0x00000000, 0x00000000, 0x00000000, 0x00000000, 0x00000000, 0x00000000, 0x00000000, 
	0x00000000, 0x00000000, 0x00000000, 0x00000000, 0x00000000, 0x00000000, 0x00000000, 0x00000000, 0x00000000, 0x00000000, 0x00000000, 0x00000000, 0x00000000, 0x00000000, 0x00000000, 0x00000000, 0x00000000, 0x00000000, 0x00000000, 0x00000000, 
	0x00000000, 0x00000000, 0x00000000, 0x00000000, 0x00000000, 0x00000000, 0x00000000, 0x00000000, 0x00000000, 0x00000000, 0x00000000, 0x00000000, 0x00000000, 0x00000000, 0x00000000, 0x00000000, 0x00000000, 0x00000000, 0x00000000, 0x00000000, 
	0x00000000, 0x00000000, 0x00000000, 0x00000000, 0x00000000, 0x00000000, 0x00000000, 0x00000000, 0x00000000, 0x00000000, 0x00000000, 0x00000000, 0x00000000, 0x00000000, 0x00000000, 0x00000000, 0x00000000, 0x00000000, 0x00000000, 0x00000000, 
	0x00000000, 0x00000000, 0x00000000, 0x00000000, 0x00000000, 0x00000000, 0x00000000, 0x00000000, 0x00000000, 0x00000000, 0x00000000, 0x00000000, 0x00000000, 0x00000000, 0x00000000, 0x00000000, 0x00000000, 0x00000000, 0x00000000, 0x00000000, 
	0x00000000, 0x00000000, 0x00000000, 0x00000000, 0x00000000, 0x00000000, 0x00000000, 0x00000000, 0x00000000, 0x00000000, 0x00000000, 0x00000000, 0x00000000, 0x00000000, 0x00000000, 0x00000000, 0x00000000, 0x00000000, 0x00000000, 0x00000000, 
	0x00000000, 0x00000000, 0x00000000, 0x00000000, 0x00000000, 0x00000000, 0x00000000, 0x00000000, 0x00000000, 0x00000000, 0x00000000, 0x00000000, 0x00000000, 0x00000000, 0x00000000, 0x00000000, 0x00000000, 0x00000000, 0x00000000, 0x00000000, 
	0x00000000, 0x00000000, 0x00000000, 0x00000000, 0x00000000, 0x00000000, 0x00000000, 0x00000000, 0x00000000, 0x00000000, 0x00000000, 0x00000000, 0x00000000, 0x00000000, 0x00000000, 0x00000000, 0x00000000, 0x00000000, 0x00000000, 0x00000000, 
	0x00000000, 0x00000000, 0x00000000, 0x00000000, 0x00000000, 0x00000000, 0x00000000, 0x00000000, 0x00000000, 0x00000000, 0x00000000, 0x00000000, 0x00000000, 0x00000000, 0x00000000, 0x00000000, 0x00000000, 0x00000000, 0x00000000, 0x00000000, 
	0x00000000, 0x00000000, 0x00000000, 0x00000000, 0x00000000, 0x00000000, 0x00000000, 0x00000000, 0x00000000, 0x00000000, 0x00000000, 0x00000000, 0x00000000, 0x00000000, 0x00000000, 0x00000000, 0x00000000, 0x00000000, 0x00000000, 0x00000000, 
	0x00000000, 0x00000000, 0x00000000, 0x00000000, 0x00000000, 0x00000000, 0x00000000, 0x00000000, 0x00000000, 0x00000000, 0x00000000, 0x00000000, 0x00000000, 0x00000000, 0x00000000, 0x00000000, 0x00000000, 0x00000000, 0x00000000, 0x00000000, 
	0x00000000, 0x00000000, 0x00000000, 0x00000000, 0x00000000, 0x00000000, 0x00000000, 0x00000000, 0x00000000, 0x00000000, 0x00000000, 0x00000000, 0x00000000, 0x00000000, 0x00000000, 0x00000000, 0x00000000, 0x00000000, 0x00000000, 0x00000000, 
	0x00000000, 0x00000000, 0x00000000, 0x00000000, 0x00000000, 0x00000000, 0x00000000, 0x00000000, 0x00000000, 0x00000000, 0x00000000, 0x00000000, 0x00000000, 0x00000000, 0x00000000, 0x00000000, 0x00000000, 0x00000000, 0x00000000, 0x00000000, 
	0x00000000, 0x00000000, 0x00000000, 0x00000000, 0x00000000, 0x00000000, 0x00000000, 0x00000000, 0x00000000, 0x00000000, 0x00000000, 0x00000000, 0x00000000, 0x00000000, 0x00000000, 0x00000000, 0x00000000, 0x00000000, 0x00000000, 0x00000000, 
	0x00000000, 0x00000000, 0x00000000, 0x00000000, 0x007FFFFF, 0xFFFFFFDF, 0xFFFFFFFF, 0xFF7FFFFF, 0xFFFFFFDF, 0xFFFFFFFF, 0xFFFEFFFF, 0xFFDFFFFF, 0xFFFFFF80, 0x00000000, 0x00000000, 0x00000000, 0x00000000, 0x00000000, 0x00000000, 0x00000000, 
	0x00000000, 0x00000000, 0x00000000, 0x00000000, 0x007FFFFF, 0xFFFFFFDF, 0xFFFFFFFF, 0xFF7FFFFF, 0xFFFFFFDF, 0xFFFFFFFF, 0xFFFEFFFF, 0xFFDFFFFF, 0xFFFFFF80, 0x00000000, 0x00000000, 0x00000000, 0x00000000, 0x00000000, 0x00000000, 0x00000000, 
	0x00000000, 0x00000000, 0x00000000, 0x00000000, 0x007FFFFF, 0xFFFFFFDF, 0xFFFFFFFF, 0xFF7FFFFF, 0xFFFFFFDF, 0xFFFFFFFF, 0xFFFEFFFF, 0xFFDFFFFF, 0xFFFFFF80, 0x00000000, 0x00000000, 0x00000000, 0x00000000, 0x00000000, 0x00000000, 0x00000000, 
	0x00000000, 0x00000000, 0x00000000, 0x00000000, 0x007FFFFF, 0xFFFFFFDF, 0xFFFFFFFF, 0xFF7FFFFF, 0xFFFFFFDF, 0xFFFFFFFF, 0xFFFEFFFF, 0xFFDFFFFF, 0xFFFFFF80, 0x00000000, 0x00000000, 0x00000000, 0x00000000, 0x00000000, 0x00000000, 0x00000000, 
	0x00000000, 0x00000000, 0x00000000, 0x00000000, 0x007FFFFF, 0xFFFFFFDF, 0xFFFFFFFF, 0xFF7FFFFF, 0xFFFFFFDF, 0xFFFFFFFF, 0xFFFCFFFF, 0xFFDFFFFF, 0xFFFFFF00, 0x00000000, 0x00000000, 0x00000000, 0x00000000, 0x00000000, 0x00000000, 0x00000000, 
	0x00000000, 0x00000000, 0x00000000, 0x00000000, 0x007FFFFF, 0xFFFFFFDF, 0xFFFFFFFF, 0xFF7FFFFF, 0xFFFFFFDF, 0xFFFFFFFF, 0xFFF8FFFF, 0xFFDFFFFF, 0xFFFFFF00, 0x00000000, 0x00000000, 0x00000000, 0x00000000, 0x00000000, 0x00000000, 0x00000000, 
	0x00000000, 0x00000000, 0x00000000, 0x00000000, 0x007FFFFF, 0xFFFFFFDF, 0xFFFFFFFF, 0xFF7FFFFF, 0xFFFFFFDF, 0xFFFFFFFF, 0xFFF8FFFF, 0xFFDFFFFF, 0xFFFFFF00, 0x00000000, 0x00000000, 0x00000000, 0x00000000, 0x00000000, 0x00000000, 0x00000000, 
	0x00000000, 0x00000000, 0x00000000, 0x00000000, 0x007FFFFF, 0xFFFFFFDF, 0xFFFFFFFF, 0xFF7FFFFF, 0xFFFFFFDF, 0xFFFFFFFF, 0xFFF0FFFF, 0xFFDFFFFF, 0xFFFFFF00, 0x00000000, 0x00000000, 0x00000000, 0x00000000, 0x00000000, 0x00000000, 0x00000000, 
	0x00000000, 0x00000000, 0x00000000, 0x00000000, 0x007FFFFF, 0xFFFFFFDF, 0xFFFFFFFF, 0xFE7FFFFF, 0xFFFFFFDF, 0xFFFFFFFF, 0xFFF0FFFF, 0xFFDFFFFF, 0xFFFFFE00, 0x00000000, 0x00000000, 0x00000000, 0x00000000, 0x00000000, 0x00000000, 0x00000000, 
	0x00000000, 0x00000000, 0x00000000, 0x00000000, 0x007FFFFF, 0xFFFFFFDF, 0xFFFFFFFF, 0xFE7FFFFF, 0xFFFFFFDF, 0xFFFFFFFF, 0xFFE0FFFF, 0xFFDFFFFF, 0xFFFFFE00, 0x00000000, 0x00000000, 0x00000000, 0x00000000, 0x00000000, 0x00000000, 0x00000000, 
	0x00000000, 0x00000000, 0x00000000, 0x00000000, 0x007FFFFF, 0xFFFFFFDF, 0xFFFFFFFF, 0xFC7FFFFF, 0xFFFFFFDF, 0xFFFFFFFF, 0xFFC0FFFF, 0xFFDFFFFF, 0xFFFFFE00, 0x00000000, 0x00000000, 0x00000000, 0x00000000, 0x00000000, 0x00000000, 0x00000000, 
	0x00000000, 0x00000000, 0x00000000, 0x00000000, 0x007FFFFF, 0xFFFFFFDF, 0xFFFFFFFF, 0xFC7FFFFF, 0xFFFFFFDF, 0xFFFFFFFF, 0xFFC0FFFF, 0xFFDFFFFF, 0xFFFFFE00, 0x00000000, 0x00000000, 0x00000000, 0x00000000, 0x00000000, 0x00000000, 0x00000000, 
	0x00000000, 0x00000000, 0x00000000, 0x00000000, 0x007FFFFF, 0xFFFFFFDF, 0xFFFFFFFF, 0xF87FFFFF, 0xFFFFFFDF, 0xFFFFFFFF, 0xFF80FFFF, 0xFFDFFFFF, 0xFFFFFE00, 0x00000000, 0x00000000, 0x00000000, 0x00000000, 0x00000000, 0x00000000, 0x00000000, 
	0x00000000, 0x00000000, 0x00000000, 0x00000000, 0x007FFFFF, 0xFFFFFFDF, 0xFFFFFFFF, 0xF87FFFFF, 0xFFFFFFDF, 0xFFFFFFFF, 0xFF80FFFF, 0xFFDFFFFF, 0xFFFFFC00, 0x00000000, 0x00000000, 0x00000000, 0x00000000, 0x00000000, 0x00000000, 0x00000000, 
	0x00000000, 0x00000000, 0x00000000, 0x00000000, 0x007FFFFF, 0xFFFFFFDF, 0xFFFFFFFF, 0xF07FFFFF, 0xFFFFFFDF, 0xFFFFFFFF, 0xFF00FFFF, 0xFFDFFFFF, 0xFFFFFC00, 0x00000000, 0x00000000, 0x00000000, 0x00000000, 0x00000000, 0x00000000, 0x00000000, 
	0x00000000, 0x00000000, 0x00000000, 0x00000000, 0x007FFFFF, 0xFFFFFFDF, 0xFFFFFFFF, 0xE07FFFFF, 0xFFFFFFDF, 0xFFFFFFFF, 0xFE00FFFF, 0xFFDFFFFF, 0xFFFFFC00, 0x00000000, 0x00000000, 0x00000000, 0x00000000, 0x00000000, 0x00000000, 0x00000000, 
	0x00000000, 0x00000000, 0x00000000, 0x00000000, 0x007FFFFF, 0xFFFFFFDF, 0xFFFFFFFF, 0xE07FFFFF, 0xFFFFFFDF, 0xFFFFFFFF, 0xFE00FFFF, 0xFFDFFFFF, 0xC0000000, 0x00000000, 0x00000000, 0x00000000, 0x00000000, 0x00000000, 0x00000000, 0x00000000, 
	0x00000000, 0x00000000, 0x00000000, 0x00000000, 0x007FFFFF, 0xFFFFFFDF, 0xFFFFFFFF, 0xC07FFFFF, 0xFFFFFFDF, 0xFFFFFFFF, 0xFC000000, 0x001FFFFF, 0xE0000000, 0x00000000, 0x00000000, 0x00000000, 0x00000000, 0x00000000, 0x00000000, 0x00000000, 
	0x00000000, 0x00000000, 0x00000000, 0x00000000, 0x007FFFFF, 0xFFFFFFDF, 0xFFFFFFFF, 0xC07FFFFF, 0xFFFFFFDF, 0xFFFFFFFF, 0xFC000000, 0x001FFFFF, 0xE0000000, 0x00000000, 0x00000000, 0x00000000, 0x00000000, 0x00000000, 0x00000000, 0x00000000, 
	0x00000000, 0x00000000, 0x00000000, 0x00000000, 0x007FFFFF, 0xFFFFFFDF, 0xFFFFFFFF, 0x807FFFFF, 0xFFFFFFDF, 0xFFFFFFFF, 0xF8000000, 0x001FFFFF, 0xF0000000, 0x00000000, 0x00000000, 0x00000000, 0x00000000, 0x00000000, 0x00000000, 0x00000000, 
	0x00000000, 0x00000000, 0x00000000, 0x00000000, 0x000003FF, 0xFFFFFFDF, 0xFFFFFFFF, 0x807FFFFF, 0xFFFFFFDF, 0xFFFFFFFF, 0xF0000000, 0x001FFFFF, 0xF0000000, 0x00000000, 0x00000000, 0x00000000, 0x00000000, 0x00000000, 0x00000000, 0x00000000, 
	0x00000000, 0x00000000, 0x00000000, 0x00000000, 0x000003FF, 0xFFFFFFDF, 0xFFFFE000, 0x007FFFFF, 0xFFFFFFDF, 0xFFFFFFFF, 0xF0000000, 0x001FFFFF, 0xF8000000, 0x00000000, 0x00000000, 0x3E000000, 0x00000000, 0x00000000, 0x00000000, 0x00000000, 
	0x00000000, 0x00000000, 0x00000000, 0x00000000, 0x000003FF, 0xFFF8001F, 0xFFFFE000, 0x000001FF, 0xFFFC001F, 0xFFFFFFFF, 0xE000FFFF, 0xFFDFFFFF, 0xF8000000, 0x00000000, 0x00000000, 0x7E000000, 0x00000000, 0x00000000, 0x00000000, 0x00000000, 
	0x00000000, 0x00000000, 0x00000000, 0x00000000, 0x000003FF, 0xFFF8001F, 0xFFFFE000, 0x000001FF, 0xFFFC001F, 0xFFFFFFFF, 0xE000FFFF, 0xFFDFFFFF, 0xFC000000, 0x00000000, 0x38000000, 0x7F000000, 0x00000000, 0x00000000, 0x00000000, 0x00000000, 
	0x00000000, 0x00000000, 0x00000000, 0x00000000, 0x000003FF, 0xFFF8001F, 0xFFFFE000, 0x000001FF, 0xFFFC001F, 0xFFFFFFFF, 0xC000FFFF, 0xFFDFFFFF, 0xFE000000, 0x00000000, 0xF8000000, 0xFF000000, 0x00000000, 0x00000000, 0x00000000, 0x00000000, 
	0x00000000, 0x00000000, 0x00000000, 0x00000000, 0x000003FF, 0xFFF8001F, 0xFFFFFFFF, 0xF80001FF, 0xFFFC001F, 0xFFFFFFFF, 0x8000FFFF, 0xFFDFFFFF, 0xFE000000, 0x00000001, 0xFE000000, 0xFF000000, 0x00000000, 0x00000000, 0x00000000, 0x00000000, 
	0x00000000, 0x00000000, 0x00000000, 0x00000000, 0x000003FF, 0xFFF8001F, 0xFFFFFFFF, 0xF80001FF, 0xFFFC001F, 0xFFFFFFFF, 0xFE00FFFF, 0xFFDFFFFF, 0xFF000000, 0x00000001, 0xFE000000, 0xFF000000, 0x00000000, 0x00000000, 0x00000000, 0x00000000, 
	0x00000000, 0x00000000, 0x00000000, 0x00000000, 0x000003FF, 0xFFF8001F, 0xFFFFFFFF, 0xF80001FF, 0xFFFC001F, 0xFFFFFFFF, 0xFF80FFFF, 0xFFCFFFFF, 0xFF000000, 0x00000001, 0xFE000001, 0xFE000000, 0x00000000, 0x00000000, 0x00000000, 0x00000000, 
	0x00000000, 0x00000000, 0x00000000, 0x00000000, 0x000003FF, 0xFFF8001F, 0xFFFFFFFF, 0xF00001FF, 0xFFFC001F, 0xFFFFFFFF, 0xFF80FFFF, 0xFFC7FFFF, 0xFF800000, 0x00000003, 0xFE000001, 0xFE000000, 0x00000000, 0x00000000, 0x00000000, 0x00000000, 
	0x00000000, 0x00000000, 0x00000000, 0x00000000, 0x000003FF, 0xFFF8001F, 0xFFFFFFFF, 0xE00001FF, 0xFFFC001F, 0xFFFFFFFF, 0xFFC0FFFF, 0xFFC7FFFF, 0xFF800000, 0x00000003, 0xFC000001, 0xFE000000, 0x00000000, 0x00000000, 0x00000000, 0x00000000, 
	0x00000000, 0x00000000, 0x00000000, 0x00000000, 0x000003FF, 0xFFF8001F, 0xFFFFFFFF, 0xE00001FF, 0xFFFC001F, 0xFFFFFFFF, 0xFFC0FFFF, 0xFFC3FFFF, 0xFFC00000, 0x00000003, 0xFC000001, 0xFE000000, 0x00000000, 0x00000000, 0x00000000, 0x00000000, 
	0x00000000, 0x00000000, 0x00000000, 0x00000000, 0x000003FF, 0xFFF8001F, 0xFFFFFFFF, 0xC00001FF, 0xFFFC001F, 0xFFFFFFFF, 0xFFE0FFFF, 0xFFC3FFFF, 0xFFC00000, 0x00000007, 0xFC000003, 0xFE000000, 0x00000000, 0x00000000, 0x00000000, 0x00000000, 
	0x00000000, 0x00000000, 0x00000000, 0x00000000, 0x000003FF, 0xFFF8001F, 0xFFFFFFFF, 0x800001FF, 0xFFFC001F, 0xFFFFFFFF, 0xFFE0FFFF, 0xFFC1FFFF, 0xFFE00000, 0x00000007, 0xFC000003, 0xFC000000, 0x00000000, 0x00000000, 0x00000000, 0x00000000, 
	0x00000000, 0x00000000, 0x00000000, 0x00000000, 0x000003FF, 0xFFF8001F, 0xFFFFFFFF, 0x800001FF, 0xFFFC001F, 0xFFFFFFFF, 0xFFF0FFFF, 0xFFC1FFFF, 0xFFE00000, 0x00000007, 0xFC000003, 0xFC000000, 0x00000000, 0x00000000, 0x00000000, 0x00000000, 
	0x00000000, 0x00000000, 0x00000000, 0x00000000, 0x000003FF, 0xFFF8001F, 0xFFFFFFFF, 0x000001FF, 0xFFFC001F, 0xFFFFFFFF, 0xFFF0FFFF, 0xFFC0FFFF, 0xFFF00000, 0x0000000F, 0xF8000003, 0xFC000000, 0x00000000, 0x00000000, 0x00000000, 0x00000000, 
	0x00000000, 0x00000000, 0x00000000, 0x00000000, 0x000003FF, 0xFFF8001F, 0xFFFFFFFE, 0x000001FF, 0xFFFC001F, 0xFFFFFFFF, 0xFFF8FFFF, 0xFFC0FFFF, 0xFFF00000, 0x0000000F, 0xF8000007, 0xFC000000, 0x00000000, 0x00000000, 0x00000000, 0x00000000, 
	0x00000000, 0x00000000, 0x00000000, 0x00000000, 0x000003FF, 0xFFF8001F, 0xFFFFFFFE, 0x000001FF, 0xFFFC001F, 0xFFFFFFFF, 0xFFFCFFFF, 0xFFC07FFF, 0xFFF80000, 0x0000000F, 0xF8000007, 0xFC000000, 0x00000000, 0x00000000, 0x00000000, 0x00000000, 
	0x00000000, 0x00000000, 0x00000000, 0x00000000, 0x000003FF, 0xFFF8001F, 0xFFFFFFFC, 0x000001FF, 0xFFFC001F, 0xFFFFDFFF, 0xFFFCFFFF, 0xFFC07FFF, 0xFFF80000, 0x0000001F, 0xF8000007, 0xF8000000, 0x00000000, 0x00000000, 0x00000000, 0x00000000, 
	0x00000000, 0x00000000, 0x00000000, 0x00000000, 0x000003FF, 0xFFF8001F, 0xFFFFFFF8, 0x000001FF, 0xFFFC001F, 0xFFFFDFFF, 0xFFFEFFFF, 0xFFC03FFF, 0xFFFC0000, 0x0000001F, 0xF8000007, 0xF8000000, 0x00000000, 0x00000000, 0x00000000, 0x00000000, 
	0x00000000, 0x00000000, 0x00000000, 0x00000000, 0x000003FF, 0xFFF8001F, 0xFFFFFFF8, 0x000001FF, 0xFFFC001F, 0xFFFFCFFF, 0xFFFEFFFF, 0xFFC03FFF, 0xFFFE0000, 0x0000001F, 0xF000000F, 0xF8000000, 0x00000000, 0x00000000, 0x00000000, 0x00000000, 
	0x00000000, 0x00000000, 0x00000000, 0x00000000, 0x000003FF, 0xFFF8001F, 0xFFFFFFF0, 0x000001FF, 0xFFFC001F, 0xFFFFCFFF, 0xFFFEFFFF, 0xFFC01FFF, 0xFFFE0000, 0x0000003F, 0xF000000F, 0xF8000000, 0x00000000, 0x00000000, 0x00000000, 0x00000000, 
	0x00000000, 0x00000000, 0x00000000, 0x00000000, 0x000003FF, 0xFFF8001F, 0xFFFFFFF0, 0x000001FF, 0xFFFC001F, 0xFFFFC7FF, 0xFFFEFFFF, 0xFFC01FFF, 0xFFFF0000, 0x0000003F, 0xF000000F, 0xF8000000, 0x00000000, 0x00000000, 0x00000000, 0x00000000, 
	0x00000000, 0x00000000, 0x00000000, 0x00000000, 0x000003FF, 0xFFF8001F, 0xFFFFFFE0, 0x000001FF, 0xFFFC001F, 0xFFFFC7FF, 0xFFFEFFFF, 0xFFC00FFF, 0xFFFF0000, 0x0000003F, 0xF000000F, 0xF8000000, 0x00000000, 0x00000000, 0x00000000, 0x00000000, 
	0x00000000, 0x00000000, 0x00000000, 0x00000000, 0x000003FF, 0xFFF8001F, 0xFFFFC000, 0x000001FF, 0xFFFC001F, 0xFFFFC3FF, 0xFFFEFFFF, 0xFFC00FFF, 0xFFFF8000, 0x0000007F, 0xF000001F, 0xF0000000, 0x00000000, 0x00000000, 0x00000000, 0x00000000, 
	0x00000000, 0x00000000, 0x00000000, 0x00000000, 0x000003FF, 0xFFF8001F, 0xFFFFC000, 0x000001FF, 0xFFFC001F, 0xFFFFC3FF, 0xFFFEFFFF, 0xFFC007FF, 0xFFFF8000, 0x0000007F, 0xE000001F, 0xF0000000, 0x00000000, 0x00000000, 0x00000000, 0x00000000, 
	0x00000000, 0x00000000, 0x00000000, 0x00000000, 0x000003FF, 0xFFF8001F, 0xFFFFC000, 0x000001FF, 0xFFFC001F, 0xFFFFC1FF, 0xFFFEFFFF, 0xFFC003FF, 0xFFFFC000, 0x0000007F, 0xE0000FFF, 0xF0000000, 0x00000000, 0x00000000, 0x00000000, 0x00000000, 
	0x00000000, 0x00000000, 0x00000000, 0x00000000, 0x000003FF, 0xFFF8001F, 0xFFFFC000, 0x000001FF, 0xFFFC001F, 0xFFFFC1FF, 0xFFFEFFFF, 0xFFC003FF, 0xFFFFC000, 0x0000007F, 0xE003FFFF, 0xF0000000, 0x00000000, 0x00000000, 0x00000000, 0x00000000, 
	0x00000000, 0x00000000, 0x00000000, 0x00000000, 0x000003FF, 0xFFF8001F, 0xFFFFC000, 0x000001FF, 0xFFFC001F, 0xFFFFC0FF, 0xFFFEFFFF, 0xFFC001FF, 0xFFFFE000, 0x000000FF, 0xE03FFFFF, 0xF0000000, 0x00000000, 0x00000000, 0x00000000, 0x00000000, 
	0x00000000, 0x00000000, 0x00000000, 0x00000000, 0x000003FF, 0xFFF8001F, 0xFFFFC000, 0x000001FF, 0xFFFC001F, 0xFFFFC0FF, 0xFFFEFFFF, 0xFFC001FF, 0xFFFFE000, 0x000000FF, 0xC7FFFFFF, 0xE0000000, 0x00000000, 0x00000000, 0x00000000, 0x00000000, 
	0x00000000, 0x00000000, 0x00000000, 0x00000000, 0x000003FF, 0xFFF8001F, 0xFFFFC000, 0x000001FF, 0xFFFC001F, 0xFFFFC07F, 0xFFFEFFFF, 0xFFC000FF, 0xFFFFF000, 0x000000FF, 0xFFFFFFFF, 0xE0000000, 0x00000000, 0x00000000, 0x00000000, 0x00000000, 
	0x00000000, 0x00000000, 0x00000000, 0x00000000, 0x000003FF, 0xFFF8001F, 0xFFFFC000, 0x000001FF, 0xFFFC001F, 0xFFFFC07F, 0xFFFEFFFF, 0xFFC000FF, 0xFFFFF000, 0x000000FF, 0xFFFFFFFF, 0xE0000000, 0x00000000, 0x00000000, 0x00000000, 0x00000000, 
	0x00000000, 0x00000000, 0x00000000, 0x00000000, 0x000003FF, 0xFFF8001F, 0xFFFFC000, 0x000001FF, 0xFFFC001F, 0xFFFFC03F, 0xFFFEFFFF, 0xFFC0007F, 0xFFFFF800, 0x000001FF, 0xFFFFFFFF, 0xE0000000, 0x00000000, 0x00000000, 0x00000000, 0x00000000, 
	0x00000000, 0x00000000, 0x00000000, 0x00000000, 0x000003FF, 0xFFF8001F, 0xFFFFC000, 0x000001FF, 0xFFFC001F, 0xFFFFC01F, 0xFFFEFFFF, 0xFFC0007F, 0xFFFFF800, 0x000001FF, 0xFFFFFFFF, 0xE0000000, 0x00000000, 0x00000000, 0x00000000, 0x00000000, 
	0x00000000, 0x00000000, 0x00000000, 0x00000000, 0x000003FF, 0xFFF8001F, 0xFFFFC000, 0x000001FF, 0xFFFC001F, 0xFFFFC01F, 0xFFFEFFFF, 0xFFC0003F, 0xFFFFFC00, 0x000001FF, 0xFFFFFFFF, 0xE0000000, 0x00000000, 0x00000000, 0x00000000, 0x00000000, 
	0x00000000, 0x00000000, 0x00000000, 0x00000000, 0x000003FF, 0xFFF8001F, 0xFFFFC000, 0x000001FF, 0xFFFC001F, 0xFFFFC00F, 0xFFFEFFFF, 0xFFC0003F, 0xFFFFFC00, 0x000001FF, 0xFFFFFFFF, 0xC0000000, 0x00000000, 0x00000000, 0x00000000, 0x00000000, 
	0x00000000, 0x00000000, 0x00000000, 0x00000000, 0x000003FF, 0xFFF8001F, 0xFFFFC000, 0x000001FF, 0xFFFC001F, 0xFFFFC00F, 0xFFFEFFFF, 0xFFC0001F, 0xFFFFFE00, 0xFFFF83FF, 0xFFFFF87F, 0xC0000000, 0x00000000, 0x00000000, 0x00000000, 0x00000000, 
	0x00000000, 0x00000000, 0x00000000, 0x00000000, 0x000003FF, 0xFFF8001F, 0xFFFFC000, 0x000001FF, 0xFFFC001F, 0xFFFFC007, 0xFFFEFFFF, 0xFFC0001F, 0xFFFFFF03, 0xFFFFC3FF, 0xFFFF007F, 0xC0000000, 0x00000000, 0x00000000, 0x00000000, 0x00000000, 
	0x00000000, 0x00000000, 0x00000000, 0x00000000, 0x000003FF, 0xFFF8001F, 0xFFFFC000, 0x000001FF, 0xFFFC001F, 0xFFFFC007, 0xFFFEFFFF, 0xFFC0000F, 0xFFFFFF03, 0xFFFFC3FF, 0xFFE000FF, 0xC0000000, 0x00000000, 0x00000000, 0x00000000, 0x00000000, 
	0x00000000, 0x00000000, 0x00000000, 0x00000000, 0x000003FF, 0xFFF8001F, 0xFFFFC000, 0x000001FF, 0xFFFC001F, 0xFFFFC003, 0xFFFEFFFF, 0xFFC0000F, 0xFFFFFF83, 0xFFFF83FF, 0xF00000FF, 0xC0000000, 0x00000000, 0x00000000, 0x00000000, 0x00000000, 
	0x00000000, 0x00000000, 0x00000000, 0x00000000, 0x000003FF, 0xFFF8001F, 0xFFFFC000, 0x000001FF, 0xFFFC001F, 0xFFFFC003, 0xFFFEFFFF, 0xFFC00007, 0xFFFFFF83, 0xFFFF03FF, 0x000000FF, 0x80000000, 0x00000000, 0x00000000, 0x00000000, 0x00000000, 
	0x00000000, 0x00000000, 0x00000000, 0x00000000, 0x000003FF, 0xFFF8001F, 0xFFFFC000, 0x000001FF, 0xFFFC001F, 0xFFFFC001, 0xFFFEFFFF, 0xFFC00003, 0xFFFFFFC0, 0x000007FF, 0x000000FF, 0x80000000, 0x00000000, 0x00000000, 0x00000000, 0x00000000, 
	0x00000000, 0x00000000, 0x00000000, 0x00000000, 0x000003FF, 0xFFF8001F, 0xFFFFC000, 0x000001FF, 0xFFFC001F, 0xFFFFC001, 0xFFFEFFFF, 0xFFC00003, 0xFFFFFFC0, 0x000007FF, 0x000000FF, 0x80000000, 0x00000000, 0x00000000, 0x00000000, 0x00000000, 
	0x00000000, 0x00000000, 0x00000000, 0x00000000, 0x000003FF, 0xFFF8001F, 0xFFFFC000, 0x000001FF, 0xFFFC001F, 0xFFFFC000, 0xFFFEFFFF, 0xFFC00001, 0xFFFFFFE0, 0x000007FF, 0x000000FF, 0x80000000, 0x00000000, 0x00000000, 0x00000000, 0x00000000, 
	0x00000000, 0x00000000, 0x00000000, 0x00000000, 0x000003FF, 0xFFF8001F, 0xFFFFC000, 0x000001FF, 0xFFFC001F, 0xFFFFC000, 0xFFFEFFFF, 0xFFC00001, 0xFFFFFFE0, 0x000007FE, 0x000001FF, 0x80000000, 0x00000000, 0x00000000, 0x00000000, 0x00000000, 
	0x00000000, 0x00000000, 0x00000000, 0x00000000, 0x000003FF, 0xFFF8001F, 0xFFFFC000, 0x000001FF, 0xFFFC001F, 0xFFFFC000, 0x7FFEFFFF, 0xFFC00000, 0xFFFFFFE0, 0x000007FE, 0x000001FF, 0x80000000, 0x00000000, 0x00000000, 0x00000000, 0x00000000, 
	0x00000000, 0x00000000, 0x00000000, 0x00000000, 0x000003FF, 0xFFF8001F, 0xFFFFC000, 0x000001FF, 0xFFFC001F, 0xFFFFC000, 0x7FFEFFFF, 0xFFC00000, 0xFFFFFFE0, 0x000007FE, 0x000001FF, 0x00000000, 0x00000000, 0x00000000, 0x00000000, 0x00000000, 
	0x00000000, 0x00000000, 0x00000000, 0x00000000, 0x000003FF, 0xFFF8001F, 0xFFFFC000, 0x000001FF, 0xFFFC001F, 0xFFFFC000, 0x3FFEFFFF, 0xFFC00000, 0x7FFFFFE0, 0x00000FFE, 0x000001FF, 0x00000000, 0x00000000, 0x00000000, 0x00000000, 0x00000000, 
	0x00000000, 0x00000000, 0x00000000, 0x00000000, 0x000003FF, 0xFFF8001F, 0xFFFFC000, 0x000001FF, 0xFFFC001F, 0xFFFFC000, 0x3FFEFFFF, 0xFFDFFFFF, 0xFFFFFFE0, 0x00000FFC, 0x000000FF, 0x00000000, 0x00000000, 0x00000000, 0x00000000, 0x00000000, 
	0x00000000, 0x00000000, 0x00000000, 0x00000000, 0x000003FF, 0xFFF8001F, 0xFFFFFFFF, 0xFFE001FF, 0xFFFC001F, 0xFFFFC000, 0x1FFEFFFF, 0xFFDFFFFF, 0xFFFFFFE0, 0x00000FFC, 0x000000FF, 0x00000000, 0x00000000, 0x00000000, 0x00000000, 0x00000000, 
	0x00000000, 0x00000000, 0x00000000, 0x00000000, 0x000003FF, 0xFFF8001F, 0xFFFFFFFF, 0xFFF001FF, 0xFFFC001F, 0xFFFFC000, 0x1FFEFFFF, 0xFFDFFFFF, 0xFFFFFFE0, 0x00000FFC, 0x000000FF, 0x00000000, 0x00000000, 0x00000000, 0x00000000, 0x00000000, 
	0x00000000, 0x00000000, 0x00000000, 0x00000000, 0x000003FF, 0xFFF8001F, 0xFFFFFFFF, 0xFFF801FF, 0xFFFC001F, 0xFFFFC000, 0x0FFEFFFF, 0xFFDFFFFF, 0xFFFFFFE0, 0x00000FFC, 0x000000FE, 0x00000000, 0x00000000, 0x00000000, 0x00000000, 0x00000000, 
	0x00000000, 0x00000000, 0x00000000, 0x00000000, 0x000003FF, 0xFFF8001F, 0xFFFFFFFF, 0xFFFC01FF, 0xFFFC001F, 0xFFFFC000, 0x0FFEFFFF, 0xFFDFFFFF, 0xFFFFFFE0, 0x00001FF8, 0x000000FE, 0x00000000, 0x00000000, 0x00000000, 0x00000000, 0x00000000, 
	0x00000000, 0x00000000, 0x00000000, 0x00000000, 0x000003FF, 0xFFF8001F, 0xFFFFFFFF, 0xFFFC01FF, 0xFFFC001F, 0xFFFFC000, 0x07FEFFFF, 0xFFDFFFFF, 0xFFFFFFE0, 0x00001FF8, 0x000000FE, 0x00000000, 0x00000000, 0x00000000, 0x00000000, 0x00000000, 
	0x00000000, 0x00000000, 0x00000000, 0x00000000, 0x000003FF, 0xFFF8001F, 0xFFFFFFFF, 0xFFFE01FF, 0xFFFC001F, 0xFFFFC000, 0x07FEFFFF, 0xFFDFFFFF, 0xFFFFFFE0, 0x00001FF8, 0x0000007E, 0x00000000, 0x00000000, 0x00000000, 0x00000000, 0x00000000, 
	0x00000000, 0x00000000, 0x00000000, 0x00000000, 0x000003FF, 0xFFF8001F, 0xFFFFFFFF, 0xFFFF01FF, 0xFFFC001F, 0xFFFFC000, 0x03FEFFFF, 0xFFDFFFFF, 0xFFFFFFE0, 0x00001FF8, 0x0000003C, 0x00000000, 0x00000000, 0x00000000, 0x00000000, 0x00000000, 
	0x00000000, 0x00000000, 0x00000000, 0x00000000, 0x000003FF, 0xFFF8001F, 0xFFFFFFFF, 0xFFFF01FF, 0xFFFC001F, 0xFFFFC000, 0x03FEFFFF, 0xFFDFFFFF, 0xFFFFFFE0, 0x00001FF0, 0x00000000, 0x00000000, 0x00000000, 0x00000000, 0x00000000, 0x00000000, 
	0x00000000, 0x00000000, 0x00000000, 0x00000000, 0x000003FF, 0xFFF8001F, 0xFFFFFFFF, 0xFFFF81FF, 0xFFFC001F, 0xFFFFC000, 0x01FEFFFF, 0xFFDFFFFF, 0xFFFFFFE0, 0x00001FF0, 0x00000000, 0x00000000, 0x00000000, 0x00000000, 0x00000000, 0x00000000, 
	0x00000000, 0x00000000, 0x00000000, 0x00000000, 0x000003FF, 0xFFF8001F, 0xFFFFFFFF, 0xFFFF81FF, 0xFFFC001F, 0xFFFFC000, 0x01FEFFFF, 0xFFDFFFFF, 0xFFFFFFE0, 0x000007E0, 0x00000000, 0x00000000, 0x00000000, 0x00000000, 0x00000000, 0x00000000, 
	0x00000000, 0x00000000, 0x00000000, 0x00000000, 0x000003FF, 0xFFF8001F, 0xFFFFFFFF, 0xFFFFC1FF, 0xFFFC001F, 0xFFFFC000, 0x00FEFFFF, 0xFFDFFFFF, 0xFFFFFFE0, 0x000007E0, 0x00000000, 0x00000000, 0x00000000, 0x00000000, 0x00000000, 0x00000000, 
	0x00000000, 0x00000000, 0x00000000, 0x00000000, 0x000003FF, 0xFFF8001F, 0xFFFFFFFF, 0xFFFFC1FF, 0xFFFC001F, 0xFFFFC000, 0x00FEFFFF, 0xFFDFFFFF, 0xFFFFFFE0, 0x00000000, 0x00000000, 0x00000000, 0x00000000, 0x00000000, 0x00000000, 0x00000000, 
	0x00000000, 0x00000000, 0x00000000, 0x00000000, 0x000003FF, 0xFFF8001F, 0xFFFFFFFF, 0xFFFFE1FF, 0xFFFC001F, 0xFFFFC000, 0x007EFFFF, 0xFFDFFFFF, 0xFFFFFFE0, 0x00000000, 0x00000000, 0x00000000, 0x00000000, 0x00000000, 0x00000000, 0x00000000, 
	0x00000000, 0x00000000, 0x00000000, 0x00000000, 0x000003FF, 0xFFF8001F, 0xFFFFFFFF, 0xFFFFF1FF, 0xFFFC001F, 0xFFFFC000, 0x007EFFFF, 0xFFDFFFFF, 0xFFFFFFE0, 0x00000000, 0x00000000, 0x00000000, 0x00000000, 0x00000000, 0x00000000, 0x00000000, 
	0x00000000, 0x00000000, 0x00000000, 0x00000000, 0x000003FF, 0xFFF8001F, 0xFFFFFFFF, 0xFFFFF1FF, 0xFFFC001F, 0xFFFFC000, 0x003EFFFF, 0xFFDFFFFF, 0xFFFFFFE0, 0x00000000, 0x00000000, 0x00000000, 0x00000000, 0x00000000, 0x00000000, 0x00000000, 
	0x00000000, 0x00000000, 0x00000000, 0x00000000, 0x000003FF, 0xFFF8001F, 0xFFFFFFFF, 0xFFFFF9FF, 0xFFFC001F, 0xFFFFC000, 0x003EFFFF, 0xFFDFFFFF, 0xFFFFFFE0, 0x00000000, 0x00000000, 0x00000000, 0x00000000, 0x00000000, 0x00000000, 0x00000000, 
	0x00000000, 0x00000000, 0x00000000, 0x00000000, 0x000003FF, 0xFFF8001F, 0xFFFFFFFF, 0xFFFFFDFF, 0xFFFC001F, 0xFFFFC000, 0x001EFFFF, 0xFFDFFFFF, 0xFFFFFFE0, 0x00000000, 0x00000000, 0x00000000, 0x00000000, 0x00000000, 0x00000000, 0x00000000, 
	0x00000000, 0x00000000, 0x00000000, 0x00000000, 0x000003FF, 0xFFF8001F, 0xFFFFFFFF, 0xFFFFFDFF, 0xFFFC001F, 0xFFFFC000, 0x001EFFFF, 0xFFDFFFFF, 0xFFFFFFE0, 0x00000000, 0x00000000, 0x00000000, 0x00000000, 0x00000000, 0x00000000, 0x00000000, 
	0x00000000, 0x00000000, 0x00000000, 0x00000000, 0x000003FF, 0xFFF8001F, 0xFFFFFFFF, 0xFFFFFFFF, 0xFFFC001F, 0xFFFFC000, 0x000EFFFF, 0xFFDFFFFF, 0xFFFFFFE0, 0x00000000, 0x00000000, 0x00000000, 0x00000000, 0x00000000, 0x00000000, 0x00000000, 
	0x00000000, 0x00000000, 0x00000000, 0x00000000, 0x000003FF, 0xFFF8001F, 0xFFFFFFFF, 0xFFFFFFFF, 0xFFFC001F, 0xFFFFC000, 0x000EFFFF, 0xFFDFFFFF, 0xFFFFFFE0, 0x00000000, 0x00000000, 0x00000000, 0x00000000, 0x00000000, 0x00000000, 0x00000000, 
	0x00000000, 0x00000000, 0x00000000, 0x00000000, 0x000003FF, 0xFFF8001F, 0xFFFFFFFF, 0xFFFFFFFF, 0xFFFC001F, 0xFFFFC000, 0x0006FFFF, 0xFFDFFFFF, 0xFFFFFFE0, 0x00000000, 0x00000000, 0x00000000, 0x00000000, 0x00000000, 0x00000000, 0x00000000, 
	0x00000000, 0x00000000, 0x00000000, 0x00000000, 0x000003FF, 0xFFF8001F, 0xFFFFFFFF, 0xFFFFFFFF, 0xFFFC001F, 0xFFFFC000, 0x0006FFFF, 0xFFDFFFFF, 0xFFFFFFE0, 0x00000000, 0x00000000, 0x00000000, 0x00000000, 0x00000000, 0x00000000, 0x00000000, 
	0x00000000, 0x00000000, 0x00000000, 0x00000000, 0x00000000, 0x00000000, 0x00000000, 0x00000000, 0x00000000, 0x00000000, 0x00000000, 0x00000000, 0x00000000, 0x00000000, 0x00000000, 0x00000000, 0x00000000, 0x00000000, 0x00000000, 0x00000000, 
	0x00000000, 0x00000000, 0x00000000, 0x00000000, 0x00000000, 0x00000000, 0x00000000, 0x00000000, 0x00000000, 0x00000000, 0x00000000, 0x00000000, 0x00000000, 0x00000000, 0x00000000, 0x00000000, 0x00000000, 0x00000000, 0x00000000, 0x00000000, 
	0x00000000, 0x00000000, 0x00000000, 0x00000000, 0x00000000, 0x00000000, 0x00000000, 0x00000000, 0x00000000, 0x00000000, 0x00000000, 0x00000000, 0x00000000, 0x00000000, 0x00000000, 0x00000000, 0x00000000, 0x00000000, 0x00000000, 0x00000000, 
	0x00000000, 0x00000000, 0x00000000, 0x00000000, 0x00000000, 0x00000000, 0x00000000, 0x00000000, 0x00000000, 0x00000000, 0x00000000, 0x00000000, 0x00000000, 0x00000000, 0x00000000, 0x00000000, 0x00000000, 0x00000000, 0x00000000, 0x00000000, 
	0x00000000, 0x00000000, 0x00000000, 0x00000000, 0x00000000, 0x00000000, 0x00000000, 0x00000000, 0x00000000, 0x00000000, 0x00000000, 0x00000000, 0x00000000, 0x00000000, 0x00000000, 0x00000000, 0x00000000, 0x00000000, 0x00000000, 0x00000000, 
	0x00000000, 0x00000000, 0x00000000, 0x00000000, 0x00000000, 0x00000000, 0x00000000, 0x00000000, 0x00000000, 0x00000000, 0x00000000, 0x00000000, 0x00000000, 0x00000000, 0x00000000, 0x00000000, 0x00000000, 0x00000000, 0x00000000, 0x00000000, 
	0x00000000, 0x00000000, 0x00000000, 0x00000000, 0x00000000, 0x00000000, 0x00000000, 0x00000000, 0x00000000, 0x00000000, 0x00000000, 0x00000000, 0x00000000, 0x00000000, 0x00000000, 0x00000000, 0x00000000, 0x00000000, 0x00000000, 0x00000000, 
	0x00000000, 0x00000000, 0x00000000, 0x00000000, 0x00000000, 0x00000000, 0x00000000, 0x00000000, 0x00000000, 0x00000000, 0x00000000, 0x00000000, 0x00000000, 0x00000000, 0x00000000, 0x00000000, 0x00000000, 0x00000000, 0x00000000, 0x00000000, 
	0x00000000, 0x00000000, 0x00000000, 0x00000000, 0x00000000, 0x00000000, 0x00000000, 0x00000000, 0x00000000, 0x00000000, 0x00000000, 0x00000000, 0x00000000, 0x00000000, 0x00000000, 0x00000000, 0x00000000, 0x00000000, 0x00000000, 0x00000000, 
	0x00000000, 0x00000000, 0x00000000, 0x00000000, 0x00000000, 0x00000000, 0x00000000, 0x00000000, 0x00000000, 0x00000000, 0x00000000, 0x00000000, 0x00000000, 0x00000000, 0x00000000, 0x00000000, 0x00000000, 0x00000000, 0x00000000, 0x00000000, 
	0x00000000, 0x00000000, 0x00000000, 0x00000000, 0x00000000, 0x00000000, 0x00000000, 0x00000000, 0x00000000, 0x00000000, 0x00000000, 0x00000000, 0x00000000, 0x00000000, 0x00000000, 0x00000000, 0x00000000, 0x00000000, 0x00000000, 0x00000000, 
	0x00000000, 0x00000000, 0x00000000, 0x00000000, 0x00000000, 0x00000000, 0x00000000, 0x00000000, 0x00000000, 0x00000000, 0x00000000, 0x00000000, 0x00000000, 0x00000000, 0x00000000, 0x00000000, 0x00000000, 0x00000000, 0x00000000, 0x00000000, 
	0x00000000, 0x00000000, 0x00000000, 0x00000000, 0x00000000, 0x00000000, 0x00000000, 0x00000000, 0x00000000, 0x00000000, 0x00000000, 0x00000000, 0x00000000, 0x00000000, 0x00000000, 0x00000000, 0x00000000, 0x00000000, 0x00000000, 0x00000000, 
	0x00000000, 0x00000000, 0x00000000, 0x00000000, 0x00000000, 0x00000000, 0x00000000, 0x00000000, 0x00000000, 0x00000000, 0x00000000, 0x00000000, 0x00000000, 0x00000000, 0x00000000, 0x00000000, 0x00000000, 0x00000000, 0x00000000, 0x00000000, 
	0x00000000, 0x00000000, 0x00000000, 0x00000000, 0x00000000, 0x00000000, 0x00000000, 0x00000000, 0x00000000, 0x00000000, 0x00000000, 0x00000000, 0x00000000, 0x00000000, 0x00000000, 0x00000000, 0x00000000, 0x00000000, 0x00000000, 0x00000000, 
	0x00000000, 0x00000000, 0x00000000, 0x00000000, 0x00000000, 0x00000000, 0x00000000, 0x00000000, 0x00000000, 0x00000000, 0x00000000, 0x00000000, 0x00000000, 0x00000000, 0x00000000, 0x00000000, 0x00000000, 0x00000000, 0x00000000, 0x00000000, 
	0x00000000, 0x00000000, 0x00000000, 0x00000000, 0x00000000, 0x00000000, 0x00000000, 0x00000000, 0x00000000, 0x00000000, 0x00000000, 0x00000000, 0x00000000, 0x00000000, 0x00000000, 0x00000000, 0x00000000, 0x00000000, 0x00000000, 0x00000000, 
	0x00000000, 0x00000000, 0x00000000, 0x00000000, 0x00000000, 0x00000000, 0x00000000, 0x00000000, 0x00000000, 0x00000000, 0x00000000, 0x00000000, 0x00000000, 0x00000000, 0x00000000, 0x00000000, 0x00000000, 0x00000000, 0x00000000, 0x00000000, 
	0x00000000, 0x00000000, 0x00000000, 0x00000000, 0x00000000, 0x00000000, 0x00000000, 0x00000000, 0x00000000, 0x00000000, 0x00000000, 0x00000000, 0x00000000, 0x00000000, 0x00000000, 0x00000000, 0x00000000, 0x00000000, 0x00000000, 0x00000000, 
	0x00000000, 0x00000000, 0x00000000, 0x00000000, 0x00000000, 0x00000000, 0x00000000, 0x00000000, 0x00000000, 0x00000000, 0x00000000, 0x00000000, 0x00000000, 0x00000000, 0x00000000, 0x00000000, 0x00000000, 0x00000000, 0x00000000, 0x00000000, 
	0x00000000, 0x00000000, 0x00000000, 0x00000000, 0x00000000, 0x00000000, 0x00000000, 0x00000000, 0x00000000, 0x00000000, 0x00000000, 0x00000000, 0x00000000, 0x00000000, 0x00000000, 0x00000000, 0x00000000, 0x00000000, 0x00000000, 0x00000000, 
	0x00000000, 0x00000000, 0x00000000, 0x00000000, 0x00000000, 0x00000000, 0x00000000, 0x00000000, 0x00000000, 0x00000000, 0x00000000, 0x00000000, 0x00000000, 0x00000000, 0x00000000, 0x00000000, 0x00000000, 0x00000000, 0x00000000, 0x00000000, 
	0x00000000, 0x00000000, 0x00000000, 0x00000000, 0x00000000, 0x00000000, 0x00000000, 0x00000000, 0x00000000, 0x00000000, 0x00000000, 0x00000000, 0x00000000, 0x00000000, 0x00000000, 0x00000000, 0x00000000, 0x00000000, 0x00000000, 0x00000000, 
	0x00000000, 0x00000000, 0x00000000, 0x00000000, 0x00000000, 0x00000000, 0x00000000, 0x00000000, 0x00000000, 0x00000000, 0x00000000, 0x00000000, 0x00000000, 0x00000000, 0x00000000, 0x00000000, 0x00000000, 0x00000000, 0x00000000, 0x00000000, 
	0x00000000, 0x00000000, 0x00000000, 0x00000000, 0x00000000, 0x00000000, 0x00000000, 0x00000000, 0x00000000, 0x00000000, 0x00000000, 0x00000000, 0x00000000, 0x00000000, 0x00000000, 0x00000000, 0x00000000, 0x00000000, 0x00000000, 0x00000000, 
	0x00000000, 0x00000000, 0x00000000, 0x00000000, 0x00000000, 0x00000000, 0x00000000, 0x00000000, 0x00000000, 0x00000000, 0x00000000, 0x00000000, 0x00000000, 0x00000000, 0x00000000, 0x00000000, 0x00000000, 0x00000000, 0x00000000, 0x00000000, 
	0x00000000, 0x00000000, 0x00000000, 0x00000000, 0x00000000, 0x00000000, 0x00000000, 0x00000000, 0x00000000, 0x00000000, 0x00000000, 0x00000000, 0x00000000, 0x00000000, 0x00000000, 0x00000000, 0x00000000, 0x00000000, 0x00000000, 0x00000000, 
	0x00000000, 0x00000000, 0x00000000, 0x00000000, 0x00000000, 0x00000000, 0x00000000, 0x00000000, 0x00000000, 0x00000000, 0x00000000, 0x00000000, 0x00000000, 0x00000000, 0x00000000, 0x00000000, 0x00000000, 0x00000000, 0x00000000, 0x00000000, 
	0x00000000, 0x00000000, 0x00000000, 0x00000000, 0x00000000, 0x00000000, 0x00000000, 0x00000000, 0x00000000, 0x00000000, 0x00000000, 0x00000000, 0x00000000, 0x00000000, 0x00000000, 0x00000000, 0x00000000, 0x00000000, 0x00000000, 0x00000000, 
	0x00000000, 0x00000000, 0x00000000, 0x00000000, 0x00000000, 0x00000000, 0x00000000, 0x000003FF, 0xFFFFFFFF, 0xFFFFFFFF, 0xFFFFFFFF, 0xFFFFFFFF, 0xFFFFFFFF, 0xC0000000, 0x00000000, 0x00000000, 0x00000000, 0x00000000, 0x00000000, 0x00000000, 
	0x00000000, 0x00000000, 0x00000000, 0x00000000, 0x00000000, 0x00000000, 0x00000000, 0x00000200, 0x00000000, 0x00000000, 0x00000000, 0x00000000, 0x00000000, 0x40000000, 0x00000000, 0x00000000, 0x00000000, 0x00000000, 0x00000000, 0x00000000, 
	0x00000000, 0x00000000, 0x00000000, 0x00000000, 0x00000000, 0x00000000, 0x00000000, 0x00000200, 0x00000000, 0x00000000, 0x00000000, 0x00000000, 0x00000000, 0x40000000, 0x00000000, 0x00000000, 0x00000000, 0x00000000, 0x00000000, 0x00000000, 
	0x00000000, 0x00000000, 0x00000000, 0x00000000, 0x00000000, 0x00000000, 0x00000000, 0x00000200, 0x00000000, 0x00000000, 0x00000000, 0x00000000, 0x00000000, 0x40000000, 0x00000000, 0x00000000, 0x00000000, 0x00000000, 0x00000000, 0x00000000, 
	0x00000000, 0x00000000, 0x00000000, 0x00000000, 0x00000000, 0x00000000, 0x00000000, 0x00000200, 0x00000000, 0x00000000, 0x00000000, 0x00000000, 0x00000000, 0x40000000, 0x00000000, 0x00000000, 0x00000000, 0x00000000, 0x00000000, 0x00000000, 
	0x00000000, 0x00000000, 0x00000000, 0x00000000, 0x00000000, 0x00000000, 0x00000000, 0x00000200, 0x00000000, 0x00000000, 0x00000000, 0x00000000, 0x00000000, 0x40000000, 0x00000000, 0x00000000, 0x00000000, 0x00000000, 0x00000000, 0x00000000, 
	0x00000000, 0x00000000, 0x00000000, 0x00000000, 0x00000000, 0x00000000, 0x00000000, 0x00000200, 0x00007F00, 0x00038000, 0x0001FC03, 0x00000000, 0x00000000, 0x40000000, 0x00000000, 0x00000000, 0x00000000, 0x00000000, 0x00000000, 0x00000000, 
	0x00000000, 0x00000000, 0x00000000, 0x00000000, 0x00000000, 0x00000000, 0x00000000, 0x00000200, 0x0000FFC0, 0x00038000, 0x0007FF03, 0x00000000, 0x00000000, 0x40000000, 0x00000000, 0x00000000, 0x00000000, 0x00000000, 0x00000000, 0x00000000, 
	0x00000000, 0x00000000, 0x00000000, 0x00000000, 0x00000000, 0x00000000, 0x00000000, 0x00000200, 0x0001C1C0, 0x00038000, 0x000F0783, 0x00000000, 0x00000000, 0x40000000, 0x00000000, 0x00000000, 0x00000000, 0x00000000, 0x00000000, 0x00000000, 
	0x00000000, 0x00000000, 0x00000000, 0x00000000, 0x00000000, 0x00000000, 0x00000000, 0x00000200, 0x000180E0, 0x00038000, 0x000E0383, 0x00000000, 0x00000000, 0x40000000, 0x00000000, 0x00000000, 0x00000000, 0x00000000, 0x00000000, 0x00000000, 
	0x00000000, 0x00000000, 0x00000000, 0x00000000, 0x00000000, 0x00000000, 0x00000000, 0x00000200, 0x00018060, 0x00038000, 0x001C01C3, 0x00000000, 0x00000000, 0x40000000, 0x00000000, 0x00000000, 0x00000000, 0x00000000, 0x00000000, 0x00000000, 
	0x00000000, 0x00000000, 0x00000000, 0x00000000, 0x00000000, 0x00000000, 0x00000000, 0x00000200, 0x00018000, 0x1C038038, 0x001800C3, 0x00700020, 0x00000000, 0x40000000, 0x00000000, 0x00000000, 0x00000000, 0x00000000, 0x00000000, 0x00000000, 
	0x00000000, 0x00000000, 0x00000000, 0x00000000, 0x00000000, 0x00000000, 0x00000000, 0x00000200, 0x0001C000, 0x7F0380FE, 0x00380003, 0x01FE06E6, 0x03000000, 0x40000000, 0x00000000, 0x00000000, 0x00000000, 0x00000000, 0x00000000, 0x00000000, 
	0x00000000, 0x00000000, 0x00000000, 0x00000000, 0x00000000, 0x00000000, 0x00000000, 0x00000200, 0x0001E000, 0xF38381CF, 0x00380003, 0x03CF07E6, 0x03000000, 0x40000000, 0x00000000, 0x00000000, 0x00000000, 0x00000000, 0x00000000, 0x00000000, 
	0x00000000, 0x00000000, 0x00000000, 0x00000000, 0x00000000, 0x00000000, 0x00000000, 0x00000200, 0x0000F801, 0xC1C38383, 0x00380003, 0x03030787, 0x03000000, 0x40000000, 0x00000000, 0x00000000, 0x00000000, 0x00000000, 0x00000000, 0x00000000, 
	0x00000000, 0x00000000, 0x00000000, 0x00000000, 0x00000000, 0x00000000, 0x00000000, 0x00000200, 0x00007F01, 0x80C38303, 0x80300003, 0x07038603, 0x06000000, 0x40000000, 0x00000000, 0x00000000, 0x00000000, 0x00000000, 0x00000000, 0x00000000, 
	0x00000000, 0x00000000, 0x00000000, 0x00000000, 0x00000000, 0x00000000, 0x00000000, 0x00000200, 0x00001FC1, 0x80E38701, 0x80301FE3, 0x06018603, 0x06000000, 0x40000000, 0x00000000, 0x00000000, 0x00000000, 0x00000000, 0x00000000, 0x00000000, 
	0x00000000, 0x00000000, 0x00000000, 0x00000000, 0x00000000, 0x00000000, 0x00000000, 0x00000200, 0x000003E1, 0x80638601, 0x80301FE3, 0x06018603, 0x86000000, 0x40000000, 0x00000000, 0x00000000, 0x00000000, 0x00000000, 0x00000000, 0x00000000, 
	0x00000000, 0x00000000, 0x00000000, 0x00000000, 0x00000000, 0x00000000, 0x00000000, 0x00000200, 0x000000E1, 0x80638601, 0x803800E3, 0x06018601, 0x8C000000, 0x40000000, 0x00000000, 0x00000000, 0x00000000, 0x00000000, 0x00000000, 0x00000000, 
	0x00000000, 0x00000000, 0x00000000, 0x00000000, 0x00000000, 0x00000000, 0x00000000, 0x00000200, 0x00000071, 0x80638601, 0x803800C3, 0x06018601, 0x8C000000, 0x40000000, 0x00000000, 0x00000000, 0x00000000, 0x00000000, 0x00000000, 0x00000000, 
	0x00000000, 0x00000000, 0x00000000, 0x00000000, 0x00000000, 0x00000000, 0x00000000, 0x00000200, 0x00030071, 0x80638601, 0x801800C3, 0x06018601, 0xCC000000, 0x40000000, 0x00000000, 0x00000000, 0x00000000, 0x00000000, 0x00000000, 0x00000000, 
	0x00000000, 0x00000000, 0x00000000, 0x00000000, 0x00000000, 0x00000000, 0x00000000, 0x00000200, 0x00038071, 0x80E38701, 0x801C00C3, 0x06018600, 0xD8000000, 0x40000000, 0x00000000, 0x00000000, 0x00000000, 0x00000000, 0x00000000, 0x00000000, 
	0x00000000, 0x00000000, 0x00000000, 0x00000000, 0x00000000, 0x00000000, 0x00000000, 0x00000200, 0x00038071, 0x80C38303, 0x801C01C3, 0x07038600, 0xD8000000, 0x40000000, 0x00000000, 0x00000000, 0x00000000, 0x00000000, 0x00000000, 0x00000000, 
	0x00000000, 0x00000000, 0x00000000, 0x00000000, 0x00000000, 0x00000000, 0x00000000, 0x00000200, 0x0001C0E1, 0xC1C18383, 0x000E0383, 0x83030600, 0xF8000000, 0x40000000, 0x00000000, 0x00000000, 0x00000000, 0x00000000, 0x00000000, 0x00000000, 
	0x00000000, 0x00000000, 0x00000000, 0x00000000, 0x00000000, 0x00000000, 0x00000000, 0x00000200, 0x0001FFE0, 0xF381E1CF, 0x0007FF01, 0xE3CF0600, 0x70000000, 0x40000000, 0x00000000, 0x00000000, 0x00000000, 0x00000000, 0x00000000, 0x00000000, 
	0x00000000, 0x00000000, 0x00000000, 0x00000000, 0x00000000, 0x00000000, 0x00000000, 0x00000200, 0x00007F80, 0x7F00E0FE, 0x0003FE01, 0xE1FE0600, 0x70000000, 0x40000000, 0x00000000, 0x00000000, 0x00000000, 0x00000000, 0x00000000, 0x00000000, 
	0x00000000, 0x00000000, 0x00000000, 0x00000000, 0x00000000, 0x00000000, 0x00000000, 0x00000200, 0x00001E00, 0x1C000038, 0x00007800, 0x00700000, 0x70000000, 0x40000000, 0x00000000, 0x00000000, 0x00000000, 0x00000000, 0x00000000, 0x00000000, 
	0x00000000, 0x00000000, 0x00000000, 0x00000000, 0x00000000, 0x00000000, 0x00000000, 0x00000200, 0x00000000, 0x00000000, 0x00000000, 0x00000000, 0x60000000, 0x40000000, 0x00000000, 0x00000000, 0x00000000, 0x00000000, 0x00000000, 0x00000000, 
	0x00000000, 0x00000000, 0x00000000, 0x00000000, 0x00000000, 0x00000000, 0x00000000, 0x00000200, 0x00000000, 0x00000000, 0x00000000, 0x00000000, 0x60000000, 0x40000000, 0x00000000, 0x00000000, 0x00000000, 0x00000000, 0x00000000, 0x00000000, 
	0x00000000, 0x00000000, 0x00000000, 0x00000000, 0x00000000, 0x00000000, 0x00000000, 0x00000200, 0x00000000, 0x00000000, 0x00000000, 0x00000000, 0xE0000000, 0x40000000, 0x00000000, 0x00000000, 0x00000000, 0x00000000, 0x00000000, 0x00000000, 
	0x00000000, 0x00000000, 0x00000000, 0x00000000, 0x00000000, 0x00000000, 0x00000000, 0x00000200, 0x00000000, 0x00000000, 0x00000000, 0x00000003, 0xC0000000, 0x40000000, 0x00000000, 0x00000000, 0x00000000, 0x00000000, 0x00000000, 0x00000000, 
	0x00000000, 0x00000000, 0x00000000, 0x00000000, 0x00000000, 0x00000000, 0x00000000, 0x00000200, 0x00000000, 0x00000000, 0x00000000, 0x00000003, 0x80000000, 0x40000000, 0x00000000, 0x00000000, 0x00000000, 0x00000000, 0x00000000, 0x00000000, 
	0x00000000, 0x00000000, 0x00000000, 0x00000000, 0x00000000, 0x00000000, 0x00000000, 0x00000200, 0x00000000, 0x00000000, 0x00000000, 0x00000000, 0x00000000, 0x40000000, 0x00000000, 0x00000000, 0x00000000, 0x00000000, 0x00000000, 0x00000000, 
	0x00000000, 0x00000000, 0x00000000, 0x00000000, 0x00000000, 0x00000000, 0x00000000, 0x00000200, 0x00000000, 0x00000000, 0x00000000, 0x00000000, 0x00000000, 0x40000000, 0x00000000, 0x00000000, 0x00000000, 0x00000000, 0x00000000, 0x00000000, 
	0x00000000, 0x00000000, 0x00000000, 0x00000000, 0x00000000, 0x00000000, 0x00000000, 0x000003FF, 0xFFFFFFFF, 0xFFFFFFFF, 0xFFFFFFFF, 0xFFFFFFFF, 0xFFFFFFFF, 0xC0000000, 0x00000000, 0x00000000, 0x00000000, 0x00000000, 0x00000000, 0x00000000, 
	0x00000000, 0x00000000, 0x00000000, 0x00000000, 0x00000000, 0x00000000, 0x00000000, 0x00000000, 0x00000000, 0x00000000, 0x00000000, 0x00000000, 0x00000000, 0x00000000, 0x00000000, 0x00000000, 0x00000000, 0x00000000, 0x00000000, 0x00000000, 
	0x00000000, 0x00000000, 0x00000000, 0x00000000, 0x00000000, 0x00000000, 0x00000000, 0x00000000, 0x00000000, 0x00000000, 0x00000000, 0x00000000, 0x00000000, 0x00000000, 0x00000000, 0x00000000, 0x00000000, 0x00000000, 0x00000000, 0x00000000, 
	0x00000000, 0x00000000, 0x00000000, 0x00000000, 0x00000000, 0x00000000, 0x00000000, 0x00000000, 0x00000000, 0x00000000, 0x00000000, 0x00000000, 0x00000000, 0x00000000, 0x00000000, 0x00000000, 0x00000000, 0x00000000, 0x00000000, 0x00000000, 
	0x00000000, 0x00000000, 0x00000000, 0x00000000, 0x00000000, 0x00000000, 0x00000000, 0x00000000, 0x00000000, 0x00000000, 0x00000000, 0x00000000, 0x00000000, 0x00000000, 0x00000000, 0x00000000, 0x00000000, 0x00000000, 0x00000000, 0x00000000, 
	0x00000000, 0x00000000, 0x00000000, 0x00000000, 0x00000000, 0x00000000, 0x00000000, 0x00000000, 0x00000000, 0x00000000, 0x00000000, 0x00000000, 0x00000000, 0x00000000, 0x00000000, 0x00000000, 0x00000000, 0x00000000, 0x00000000, 0x00000000, 
	0x00000000, 0x00000000, 0x00000000, 0x00000000, 0x00000000, 0x00000000, 0x00000000, 0x00000000, 0x00000000, 0x00000000, 0x00000000, 0x00000000, 0x00000000, 0x00000000, 0x00000000, 0x00000000, 0x00000000, 0x00000000, 0x00000000, 0x00000000, 
	0x00000000, 0x00000000, 0x00000000, 0x00000000, 0x00000000, 0x00000000, 0x00000000, 0x00000000, 0x00000000, 0x00000000, 0x00000000, 0x00000000, 0x00000000, 0x00000000, 0x00000000, 0x00000000, 0x00000000, 0x00000000, 0x00000000, 0x00000000, 
	0x00000000, 0x00000000, 0x00000000, 0x00000000, 0x00000000, 0x00000000, 0x00000000, 0x00000000, 0x00000000, 0x00000000, 0x00000000, 0x00000000, 0x00000000, 0x00000000, 0x00000000, 0x00000000, 0x00000000, 0x00000000, 0x00000000, 0x00000000, 
	0x00000000, 0x00000000, 0x00000000, 0x00000000, 0x00000000, 0x00000000, 0x00000000, 0x00000000, 0x00000000, 0x00000000, 0x00000000, 0x00000000, 0x00000000, 0x00000000, 0x00000000, 0x00000000, 0x00000000, 0x00000000, 0x00000000, 0x00000000, 
	0x00000000, 0x00000000, 0x00000000, 0x00000000, 0x00000000, 0x00000000, 0x00000000, 0x00000000, 0x00000000, 0x00000000, 0x00000000, 0x00000000, 0x00000000, 0x00000000, 0x00000000, 0x00000000, 0x00000000, 0x00000000, 0x00000000, 0x00000000, 
	0x00000000, 0x00000000, 0x00000000, 0x00000000, 0x00000000, 0x00000000, 0x00000000, 0x00000000, 0x00000000, 0x00000000, 0x00000000, 0x00000000, 0x00000000, 0x00000000, 0x00000000, 0x00000000, 0x00000000, 0x00000000, 0x00000000, 0x00000000, 
	0x00000000, 0x00000000, 0x00000000, 0x00000000, 0x00000000, 0x00000000, 0x00000000, 0x00000000, 0x00000000, 0x00000000, 0x00000000, 0x00000000, 0x00000000, 0x00000000, 0x00000000, 0x00000000, 0x00000000, 0x00000000, 0x00000000, 0x00000000, 
	0x00000000, 0x00000000, 0x00000000, 0x00000000, 0x00000000, 0x00000000, 0x00000000, 0x00000000, 0x00000000, 0x00000000, 0x00000000, 0x00000000, 0x00000000, 0x00000000, 0x00000000, 0x00000000, 0x00000000, 0x00000000, 0x00000000, 0x00000000, 
	0x00000000, 0x00000000, 0x00000000, 0x00000000, 0x00000000, 0x00000000, 0x00000000, 0x00000000, 0x00000000, 0x00000000, 0x00000000, 0x00000000, 0x00000000, 0x00000000, 0x00000000, 0x00000000, 0x00000000, 0x00000000, 0x00000000, 0x00000000, 
	0x00000000, 0x00000000, 0x00000000, 0x00000000, 0x00000000, 0x00000000, 0x00000000, 0x00000000, 0x00000000, 0x00000000, 0x00000000, 0x00000000, 0x00000000, 0x00000000, 0x00000000, 0x00000000, 0x00000000, 0x00000000, 0x00000000, 0x00000000, 
	0x00000000, 0x00000000, 0x00000000, 0x00000000, 0x00000000, 0x00000000, 0x00000000, 0x00000000, 0x00000000, 0x00000000, 0x00000000, 0x00000000, 0x00000000, 0x00000000, 0x00000000, 0x00000000, 0x00000000, 0x00000000, 0x00000000, 0x00000000, 
	0x00000000, 0x00000000, 0x00000000, 0x00000000, 0x00000000, 0x00000000, 0x00000000, 0x00001FFF, 0xFFFFFFFF, 0xFFFFFFFF, 0xFFFFFFFF, 0xFFFFFFFF, 0xFFFFFFFF, 0xFFC00000, 0x00000000, 0x00000000, 0x00000000, 0x00000000, 0x00000000, 0x00000000, 
	0x00000000, 0x00000000, 0x00000000, 0x00000000, 0x00000000, 0x00000000, 0x00000000, 0x00001000, 0x00000000, 0x00000000, 0x00000000, 0x00000000, 0x00000000, 0x00400000, 0x00000000, 0x00000000, 0x00000000, 0x00000000, 0x00000000, 0x00000000, 
	0x00000000, 0x00000000, 0x00000000, 0x00000000, 0x00000000, 0x00000000, 0x00000000, 0x00001000, 0x00000000, 0x00000000, 0x00000000, 0x00000000, 0x00000000, 0x00400000, 0x00000000, 0x00000000, 0x00000000, 0x00000000, 0x00000000, 0x00000000, 
	0x00000000, 0x00000000, 0x00000000, 0x00000000, 0x00000000, 0x00000000, 0x00000000, 0x00001000, 0x00000000, 0x00000000, 0x00000000, 0x00000000, 0x00000000, 0x00400000, 0x00000000, 0x00000000, 0x00000000, 0x00000000, 0x00000000, 0x00000000, 
	0x00000000, 0x00000000, 0x00000000, 0x00000000, 0x00000000, 0x00000000, 0x00000000, 0x00001000, 0x00000000, 0x00000000, 0x00000000, 0x00000000, 0x00000000, 0x00400000, 0x00000000, 0x00000000, 0x00000000, 0x00000000, 0x00000000, 0x00000000, 
	0x00000000, 0x00000000, 0x00000000, 0x00000000, 0x00000000, 0x00000000, 0x00000000, 0x00001000, 0x00000000, 0x00000000, 0x00000000, 0x00000000, 0x00000000, 0x00400000, 0x00000000, 0x00000000, 0x00000000, 0x00000000, 0x00000000, 0x00000000, 
	0x00000000, 0x00000000, 0x00000000, 0x00000000, 0x00000000, 0x00000000, 0x00000000, 0x00001000, 0x00000000, 0x00000000, 0x00000000, 0x00000000, 0x00000000, 0x00400000, 0x00000000, 0x00000000, 0x00000000, 0x00000000, 0x00000000, 0x00000000, 
	0x00000000, 0x00000000, 0x00000000, 0x00000000, 0x00000000, 0x00000000, 0x00000000, 0x00001000, 0x00000000, 0x00000000, 0x00000000, 0x18000000, 0x00000000, 0x00400000, 0x00000000, 0x00000000, 0x00000000, 0x00000000, 0x00000000, 0x00000000, 
	0x00000000, 0x00000000, 0x00000000, 0x00000000, 0x00000000, 0x00000000, 0x00000000, 0x00001000, 0x03E0007F, 0xC3000000, 0x00000001, 0x183C0000, 0x00018001, 0x80400000, 0x00000000, 0x00000000, 0x00000000, 0x00000000, 0x00000000, 0x00000000, 
	0x00000000, 0x00000000, 0x00000000, 0x00000000, 0x00000000, 0x00000000, 0x00000000, 0x00001000, 0x07F8007F, 0xE3000000, 0x00000003, 0x08300000, 0x00018000, 0x80400000, 0x00000000, 0x00000000, 0x00000000, 0x00000000, 0x00000000, 0x00000000, 
	0x00000000, 0x00000000, 0x00000000, 0x00000000, 0x00000000, 0x00000000, 0x00000000, 0x00001000, 0x06180060, 0x63000000, 0x00000002, 0x00600000, 0x00018000, 0xC0400000, 0x00000000, 0x00000000, 0x00000000, 0x00000000, 0x00000000, 0x00000000, 
	0x00000000, 0x00000000, 0x00000000, 0x00000000, 0x00000000, 0x00000000, 0x00000000, 0x00001000, 0x0C180060, 0x33000000, 0x00000006, 0x00600000, 0x00018000, 0xC0400000, 0x00000000, 0x00000000, 0x00000000, 0x00000000, 0x00000000, 0x00000000, 
	0x00000000, 0x00000000, 0x00000000, 0x00000000, 0x00000000, 0x00000000, 0x00000000, 0x00001000, 0x0C0C0060, 0x3303E180, 0x87C09806, 0x18FC01F0, 0x33C1880C, 0x40400000, 0x00000000, 0x00000000, 0x00000000, 0x00000000, 0x00000000, 0x00000000, 
	0x00000000, 0x00000000, 0x00000000, 0x00000000, 0x00000000, 0x00000000, 0x00000000, 0x00001000, 0x0C0C0060, 0x3307F181, 0x8FE0F806, 0x18FC03F8, 0x37E18C0C, 0x60400000, 0x00000000, 0x00000000, 0x00000000, 0x00000000, 0x00000000, 0x00000000, 
	0x00000000, 0x00000000, 0x00000000, 0x00000000, 0x00000000, 0x00000000, 0x00000000, 0x00001000, 0x001C0060, 0x330618C1, 0x8C30E004, 0x1860071C, 0x3C618C18, 0x60400000, 0x00000000, 0x00000000, 0x00000000, 0x00000000, 0x00000000, 0x00000000, 
	0x00000000, 0x00000000, 0x00000000, 0x00000000, 0x00000000, 0x00000000, 0x00000000, 0x00001000, 0x00180060, 0x730C18C1, 0x9830C00C, 0x1860060C, 0x38618C18, 0x60400000, 0x00000000, 0x00000000, 0x00000000, 0x00000000, 0x00000000, 0x00000000, 
	0x00000000, 0x00000000, 0x00000000, 0x00000000, 0x00000000, 0x00000000, 0x00000000, 0x00001000, 0x00180060, 0xE30C18C3, 0x1810C00C, 0x18600606, 0x30618618, 0x60400000, 0x00000000, 0x00000000, 0x00000000, 0x00000000, 0x00000000, 0x00000000, 
	0x00000000, 0x00000000, 0x00000000, 0x00000000, 0x00000000, 0x00000000, 0x00000000, 0x00001000, 0x0030007F, 0xE3001843, 0x1818C00C, 0x18600C06, 0x30218610, 0x20400000, 0x00000000, 0x00000000, 0x00000000, 0x00000000, 0x00000000, 0x00000000, 
	0x00000000, 0x00000000, 0x00000000, 0x00000000, 0x00000000, 0x00000000, 0x00000000, 0x00001000, 0x0070007F, 0x8301F863, 0x1FF8C00C, 0x18600C06, 0x30218630, 0x20400000, 0x00000000, 0x00000000, 0x00000000, 0x00000000, 0x00000000, 0x00000000, 
	0x00000000, 0x00000000, 0x00000000, 0x00000000, 0x00000000, 0x00000000, 0x00000000, 0x00001000, 0x00E0FC60, 0x0307F862, 0x1FF0C00C, 0x18600C06, 0x30218230, 0x20400000, 0x00000000, 0x00000000, 0x00000000, 0x00000000, 0x00000000, 0x00000000, 
	0x00000000, 0x00000000, 0x00000000, 0x00000000, 0x00000000, 0x00000000, 0x00000000, 0x00001000, 0x01C0FC60, 0x030E1866, 0x1800C00C, 0x18600C06, 0x30218330, 0x20400000, 0x00000000, 0x00000000, 0x00000000, 0x00000000, 0x00000000, 0x00000000, 
	0x00000000, 0x00000000, 0x00000000, 0x00000000, 0x00000000, 0x00000000, 0x00000000, 0x00001000, 0x01800060, 0x030C1836, 0x1800C00C, 0x18600C06, 0x30218320, 0x60400000, 0x00000000, 0x00000000, 0x00000000, 0x00000000, 0x00000000, 0x00000000, 
	0x00000000, 0x00000000, 0x00000000, 0x00000000, 0x00000000, 0x00000000, 0x00000000, 0x00001000, 0x03000060, 0x030C1836, 0x1818C00C, 0x18600606, 0x30218360, 0x60400000, 0x00000000, 0x00000000, 0x00000000, 0x00000000, 0x00000000, 0x00000000, 
	0x00000000, 0x00000000, 0x00000000, 0x00000000, 0x00000000, 0x00000000, 0x00000000, 0x00001000, 0x06000060, 0x030C183C, 0x1830C00C, 0x1860060C, 0x302181E0, 0x60400000, 0x00000000, 0x00000000, 0x00000000, 0x00000000, 0x00000000, 0x00000000, 
	0x00000000, 0x00000000, 0x00000000, 0x00000000, 0x00000000, 0x00000000, 0x00000000, 0x00001000, 0x0E000060, 0x030C381C, 0x0C30C004, 0x1860071C, 0x3021C1C0, 0x60400000, 0x00000000, 0x00000000, 0x00000000, 0x00000000, 0x00000000, 0x00000000, 
	0x00000000, 0x00000000, 0x00000000, 0x00000000, 0x00000000, 0x00000000, 0x00000000, 0x00001000, 0x0FFC0060, 0x01CFF81C, 0x0FE0C006, 0x186003F8, 0x3020E1C0, 0x60400000, 0x00000000, 0x00000000, 0x00000000, 0x00000000, 0x00000000, 0x00000000, 
	0x00000000, 0x00000000, 0x00000000, 0x00000000, 0x00000000, 0x00000000, 0x00000000, 0x00001000, 0x0FFC0060, 0x00C78818, 0x03C08006, 0x082001F0, 0x302060C0, 0x40400000, 0x00000000, 0x00000000, 0x00000000, 0x00000000, 0x00000000, 0x00000000, 
	0x00000000, 0x00000000, 0x00000000, 0x00000000, 0x00000000, 0x00000000, 0x00000000, 0x00001000, 0x00000000, 0x00000018, 0x00000006, 0x00000000, 0x00000080, 0xC0400000, 0x00000000, 0x00000000, 0x00000000, 0x00000000, 0x00000000, 0x00000000, 
	0x00000000, 0x00000000, 0x00000000, 0x00000000, 0x00000000, 0x00000000, 0x00000000, 0x00001000, 0x00000000, 0x00000018, 0x00000002, 0x00000000, 0x00000180, 0xC0400000, 0x00000000, 0x00000000, 0x00000000, 0x00000000, 0x00000000, 0x00000000, 
	0x00000000, 0x00000000, 0x00000000, 0x00000000, 0x00000000, 0x00000000, 0x00000000, 0x00001000, 0x00000000, 0x00000030, 0x00000003, 0x00000000, 0x00000380, 0x80400000, 0x00000000, 0x00000000, 0x00000000, 0x00000000, 0x00000000, 0x00000000, 
	0x00000000, 0x00000000, 0x00000000, 0x00000000, 0x00000000, 0x00000000, 0x00000000, 0x00001000, 0x00000000, 0x000000F0, 0x00000001, 0x00000000, 0x00000F01, 0x80400000, 0x00000000, 0x00000000, 0x00000000, 0x00000000, 0x00000000, 0x00000000, 
	0x00000000, 0x00000000, 0x00000000, 0x00000000, 0x00000000, 0x00000000, 0x00000000, 0x00001000, 0x00000000, 0x000000E0, 0x00000001, 0x00000000, 0x00000601, 0x00400000, 0x00000000, 0x00000000, 0x00000000, 0x00000000, 0x00000000, 0x00000000, 
	0x00000000, 0x00000000, 0x00000000, 0x00000000, 0x00000000, 0x00000000, 0x00000000, 0x00001000, 0x00000000, 0x00000000, 0x00000000, 0x00000000, 0x00000000, 0x00400000, 0x00000000, 0x00000000, 0x00000000, 0x00000000, 0x00000000, 0x00000000, 
	0x00000000, 0x00000000, 0x00000000, 0x00000000, 0x00000000, 0x00000000, 0x00000000, 0x00001000, 0x00000000, 0x00000000, 0x00000000, 0x00000000, 0x00000000, 0x00400000, 0x00000000, 0x00000000, 0x00000000, 0x00000000, 0x00000000, 0x00000000, 
	0x00000000, 0x00000000, 0x00000000, 0x00000000, 0x00000000, 0x00000000, 0x00000000, 0x00001000, 0x00000000, 0x00000000, 0x00000000, 0x00000000, 0x00000000, 0x00400000, 0x00000000, 0x00000000, 0x00000000, 0x00000000, 0x00000000, 0x00000000, 
	0x00000000, 0x00000000, 0x00000000, 0x00000000, 0x00000000, 0x00000000, 0x00000000, 0x00001000, 0x00000000, 0x00000000, 0x00000000, 0x00000000, 0x00000000, 0x00400000, 0x00000000, 0x00000000, 0x00000000, 0x00000000, 0x00000000, 0x00000000, 
	0x00000000, 0x00000000, 0x00000000, 0x00000000, 0x00000000, 0x00000000, 0x00000000, 0x00001FFF, 0xFFFFFFFF, 0xFFFFFFFF, 0xFFFFFFFF, 0xFFFFFFFF, 0xFFFFFFFF, 0xFFC00000, 0x00000000, 0x00000000, 0x00000000, 0x00000000, 0x00000000, 0x00000000, 
	0x00000000, 0x00000000, 0x00000000, 0x00000000, 0x00000000, 0x00000000, 0x00000000, 0x00000000, 0x00000000, 0x00000000, 0x00000000, 0x00000000, 0x00000000, 0x00000000, 0x00000000, 0x00000000, 0x00000000, 0x00000000, 0x00000000, 0x00000000, 
	0x00000000, 0x00000000, 0x00000000, 0x00000000, 0x00000000, 0x00000000, 0x00000000, 0x00000000, 0x00000000, 0x00000000, 0x00000000, 0x00000000, 0x00000000, 0x00000000, 0x00000000, 0x00000000, 0x00000000, 0x00000000, 0x00000000, 0x00000000, 
	0x00000000, 0x00000000, 0x00000000, 0x00000000, 0x00000000, 0x00000000, 0x00000000, 0x00000000, 0x00000000, 0x00000000, 0x00000000, 0x00000000, 0x00000000, 0x00000000, 0x00000000, 0x00000000, 0x00000000, 0x00000000, 0x00000000, 0x00000000, 
	0x00000000, 0x00000000, 0x00000000, 0x00000000, 0x00000000, 0x00000000, 0x00000000, 0x00000000, 0x00000000, 0x00000000, 0x00000000, 0x00000000, 0x00000000, 0x00000000, 0x00000000, 0x00000000, 0x00000000, 0x00000000, 0x00000000, 0x00000000, 
	0x00000000, 0x00000000, 0x00000000, 0x00000000, 0x00000000, 0x00000000, 0x00000000, 0x00000000, 0x00000000, 0x00000000, 0x00000000, 0x00000000, 0x00000000, 0x00000000, 0x00000000, 0x00000000, 0x00000000, 0x00000000, 0x00000000, 0x00000000, 
	0x00000000, 0x00000000, 0x00000000, 0x00000000, 0x00000000, 0x00000000, 0x00000000, 0x00000000, 0x00000000, 0x00000000, 0x00000000, 0x00000000, 0x00000000, 0x00000000, 0x00000000, 0x00000000, 0x00000000, 0x00000000, 0x00000000, 0x00000000, 
	0x00000000, 0x00000000, 0x00000000, 0x00000000, 0x00000000, 0x00000000, 0x00000000, 0x00000000, 0x00000000, 0x00000000, 0x00000000, 0x00000000, 0x00000000, 0x00000000, 0x00000000, 0x00000000, 0x00000000, 0x00000000, 0x00000000, 0x00000000, 
	0x00000000, 0x00000000, 0x00000000, 0x00000000, 0x00000000, 0x00000000, 0x00000000, 0x00000000, 0x00000000, 0x00000000, 0x00000000, 0x00000000, 0x00000000, 0x00000000, 0x00000000, 0x00000000, 0x00000000, 0x00000000, 0x00000000, 0x00000000, 
	0x00000000, 0x00000000, 0x00000000, 0x00000000, 0x00000000, 0x00000000, 0x00000000, 0x00000000, 0x00000000, 0x00000000, 0x00000000, 0x00000000, 0x00000000, 0x00000000, 0x00000000, 0x00000000, 0x00000000, 0x00000000, 0x00000000, 0x00000000, 
	0x00000000, 0x00000000, 0x00000000, 0x00000000, 0x00000000, 0x00000000, 0x00000000, 0x00000000, 0x00000000, 0x00000000, 0x00000000, 0x00000000, 0x00000000, 0x00000000, 0x00000000, 0x00000000, 0x00000000, 0x00000000, 0x00000000, 0x00000000, 
	0x00000000, 0x00000000, 0x00000000, 0x00000000, 0x00000000, 0x00000000, 0x00000000, 0x00000000, 0x00000000, 0x00000000, 0x00000000, 0x00000000, 0x00000000, 0x00000000, 0x00000000, 0x00000000, 0x00000000, 0x00000000, 0x00000000, 0x00000000, 
	0x00000000, 0x00000000, 0x00000000, 0x00000000, 0x00000000, 0x00000000, 0x00000000, 0x00000000, 0x00000000, 0x00000000, 0x00000000, 0x00000000, 0x00000000, 0x00000000, 0x00000000, 0x00000000, 0x00000000, 0x00000000, 0x00000000, 0x00000000, 
	0x00000000, 0x00000000, 0x00000000, 0x00000000, 0x00000000, 0x00000000, 0x00000000, 0x00000000, 0x00000000, 0x00000000, 0x00000000, 0x00000000, 0x00000000, 0x00000000, 0x00000000, 0x00000000, 0x00000000, 0x00000000, 0x00000000, 0x00000000, 
	0x00000000, 0x00000000, 0x00000000, 0x00000000, 0x00000000, 0x00000000, 0x00000000, 0x00000000, 0x00000000, 0x00000000, 0x00000000, 0x00000000, 0x00000000, 0x00000000, 0x00000000, 0x00000000, 0x00000000, 0x00000000, 0x00000000, 0x00000000, 
	0x00000000, 0x00000000, 0x00000000, 0x00000000, 0x00000000, 0x00000000, 0x00000000, 0x00000000, 0x00000000, 0x00000000, 0x00000000, 0x00000000, 0x00000000, 0x00000000, 0x00000000, 0x00000000, 0x00000000, 0x00000000, 0x00000000, 0x00000000, 
	0x00000000, 0x00000000, 0x00000000, 0x00000000, 0x00000000, 0x00000000, 0x00000000, 0x00000000, 0x00000000, 0x00000000, 0x00000000, 0x00000000, 0x00000000, 0x00000000, 0x00000000, 0x00000000, 0x00000000, 0x00000000, 0x00000000, 0x00000000, 
	0x00000000, 0x00000000, 0x00000000, 0x00000000, 0x00000000, 0x00000000, 0x00000000, 0x00000000, 0x00000000, 0x00000000, 0x00000000, 0x00000000, 0x00000000, 0x00000000, 0x00000000, 0x00000000, 0x00000000, 0x00000000, 0x00000000, 0x00000000, 
	0x00000000, 0x00000000, 0x00000000, 0x00000000, 0x00000000, 0x00000000, 0x00000000, 0x00000000, 0x03FFFFFF, 0xFFFFFFFF, 0xFFFFFFFF, 0xFFFFFFFF, 0xFFFFF000, 0x00000000, 0x00000000, 0x00000000, 0x00000000, 0x00000000, 0x00000000, 0x00000000, 
	0x00000000, 0x00000000, 0x00000000, 0x00000000, 0x00000000, 0x00000000, 0x00000000, 0x00000000, 0x02000000, 0x00000000, 0x00000000, 0x00000000, 0x00001000, 0x00000000, 0x00000000, 0x00000000, 0x00000000, 0x00000000, 0x00000000, 0x00000000, 
	0x00000000, 0x00000000, 0x00000000, 0x00000000, 0x00000000, 0x00000000, 0x00000000, 0x00000000, 0x02000000, 0x00000000, 0x00000000, 0x00000000, 0x00001000, 0x00000000, 0x00000000, 0x00000000, 0x00000000, 0x00000000, 0x00000000, 0x00000000, 
	0x00000000, 0x00000000, 0x00000000, 0x00000000, 0x00000000, 0x00000000, 0x00000000, 0x00000000, 0x02000000, 0x00000000, 0x00000000, 0x00000000, 0x00001000, 0x00000000, 0x00000000, 0x00000000, 0x00000000, 0x00000000, 0x00000000, 0x00000000, 
	0x00000000, 0x00000000, 0x00000000, 0x00000000, 0x00000000, 0x00000000, 0x00000000, 0x00000000, 0x02000000, 0x00000000, 0x00000000, 0x00000000, 0x00001000, 0x00000000, 0x00000000, 0x00000000, 0x00000000, 0x00000000, 0x00000000, 0x00000000, 
	0x00000000, 0x00000000, 0x00000000, 0x00000000, 0x00000000, 0x00000000, 0x00000000, 0x00000000, 0x02000000, 0x00000000, 0x00000000, 0x00000000, 0x00001000, 0x00000000, 0x00000000, 0x00000000, 0x00000000, 0x00000000, 0x00000000, 0x00000000, 
	0x00000000, 0x00000000, 0x00000000, 0x00000000, 0x00000000, 0x00000000, 0x00000000, 0x00000000, 0x02001F80, 0x000C0001, 0x80000000, 0x00000000, 0x06601000, 0x00000000, 0x00000000, 0x00000000, 0x00000000, 0x00000000, 0x00000000, 0x00000000, 
	0x00000000, 0x00000000, 0x00000000, 0x00000000, 0x00000000, 0x00000000, 0x00000000, 0x00000000, 0x02003FC0, 0x000C0001, 0x00000000, 0x00000000, 0x06201000, 0x00000000, 0x00000000, 0x00000000, 0x00000000, 0x00000000, 0x00000000, 0x00000000, 
	0x00000000, 0x00000000, 0x00000000, 0x00000000, 0x00000000, 0x00000000, 0x00000000, 0x00000000, 0x020070E0, 0x00003003, 0x00000000, 0x00000000, 0x06301000, 0x00000000, 0x00000000, 0x00000000, 0x00000000, 0x00000000, 0x00000000, 0x00000000, 
	0x00000000, 0x00000000, 0x00000000, 0x00000000, 0x00000000, 0x00000000, 0x00000000, 0x00000000, 0x0200E070, 0x00003003, 0x00000000, 0x00000000, 0x06301000, 0x00000000, 0x00000000, 0x00000000, 0x00000000, 0x00000000, 0x00000000, 0x00000000, 
	0x00000000, 0x00000000, 0x00000000, 0x00000000, 0x00000000, 0x00000000, 0x00000000, 0x00000000, 0x0200C030, 0x00003002, 0x00000000, 0x00000000, 0x06101000, 0x00000000, 0x00000000, 0x00000000, 0x00000000, 0x00000000, 0x00000000, 0x00000000, 
	0x00000000, 0x00000000, 0x00000000, 0x00000000, 0x00000000, 0x00000000, 0x00000000, 0x00000000, 0x0200C030, 0xC18CFC02, 0x07C07C20, 0xC18FC171, 0xF6181000, 0x00000000, 0x00000000, 0x00000000, 0x00000000, 0x00000000, 0x00000000, 0x00000000, 
	0x00000000, 0x00000000, 0x00000000, 0x00000000, 0x00000000, 0x00000000, 0x00000000, 0x00000000, 0x02018018, 0xC18CFC06, 0x0FE0FE30, 0xE19CE1F3, 0xFE181000, 0x00000000, 0x00000000, 0x00000000, 0x00000000, 0x00000000, 0x00000000, 0x00000000, 
	0x00000000, 0x00000000, 0x00000000, 0x00000000, 0x00000000, 0x00000000, 0x00000000, 0x00000000, 0x02018018, 0xC18C3006, 0x0C318730, 0xE11861C3, 0x0E181000, 0x00000000, 0x00000000, 0x00000000, 0x00000000, 0x00000000, 0x00000000, 0x00000000, 
	0x00000000, 0x00000000, 0x00000000, 0x00000000, 0x00000000, 0x00000000, 0x00000000, 0x00000000, 0x02018018, 0xC18C3006, 0x18318330, 0xE1186183, 0x0E181000, 0x00000000, 0x00000000, 0x00000000, 0x00000000, 0x00000000, 0x00000000, 0x00000000, 
	0x00000000, 0x00000000, 0x00000000, 0x00000000, 0x00000000, 0x00000000, 0x00000000, 0x00000000, 0x02018018, 0xC18C3006, 0x18118331, 0xA3106106, 0x06081000, 0x00000000, 0x00000000, 0x00000000, 0x00000000, 0x00000000, 0x00000000, 0x00000000, 
	0x00000000, 0x00000000, 0x00000000, 0x00000000, 0x00000000, 0x00000000, 0x00000000, 0x00000000, 0x02018018, 0xC18C3006, 0x18010311, 0xA3006106, 0x06081000, 0x00000000, 0x00000000, 0x00000000, 0x00000000, 0x00000000, 0x00000000, 0x00000000, 
	0x00000000, 0x00000000, 0x00000000, 0x00000000, 0x00000000, 0x00000000, 0x00000000, 0x00000000, 0x02018018, 0xC18C3004, 0x18010119, 0x3307E106, 0x06081000, 0x00000000, 0x00000000, 0x00000000, 0x00000000, 0x00000000, 0x00000000, 0x00000000, 
	0x00000000, 0x00000000, 0x00000000, 0x00000000, 0x00000000, 0x00000000, 0x00000000, 0x00000000, 0x02018018, 0xC18C3004, 0x18010119, 0x321FE106, 0x06081000, 0x00000000, 0x00000000, 0x00000000, 0x00000000, 0x00000000, 0x00000000, 0x00000000, 
	0x00000000, 0x00000000, 0x00000000, 0x00000000, 0x00000000, 0x00000000, 0x00000000, 0x00000000, 0x0201C018, 0xC18C3004, 0x1801031B, 0x32186106, 0x06081000, 0x00000000, 0x00000000, 0x00000000, 0x00000000, 0x00000000, 0x00000000, 0x00000000, 
	0x00000000, 0x00000000, 0x00000000, 0x00000000, 0x00000000, 0x00000000, 0x00000000, 0x00000000, 0x0200C030, 0xC18C3004, 0x1801030B, 0x16306106, 0x06081000, 0x00000000, 0x00000000, 0x00000000, 0x00000000, 0x00000000, 0x00000000, 0x00000000, 
	0x00000000, 0x00000000, 0x00000000, 0x00000000, 0x00000000, 0x00000000, 0x00000000, 0x00000000, 0x0200C030, 0xC18C3006, 0x1831830B, 0x1E306106, 0x06181000, 0x00000000, 0x00000000, 0x00000000, 0x00000000, 0x00000000, 0x00000000, 0x00000000, 
	0x00000000, 0x00000000, 0x00000000, 0x00000000, 0x00000000, 0x00000000, 0x00000000, 0x00000000, 0x0200E070, 0xC38C3006, 0x0831830E, 0x1C306103, 0x0E181000, 0x00000000, 0x00000000, 0x00000000, 0x00000000, 0x00000000, 0x00000000, 0x00000000, 
	0x00000000, 0x00000000, 0x00000000, 0x00000000, 0x00000000, 0x00000000, 0x00000000, 0x00000000, 0x020070E0, 0xC78C3006, 0x0C70C60E, 0x1C18E103, 0x1E181000, 0x00000000, 0x00000000, 0x00000000, 0x00000000, 0x00000000, 0x00000000, 0x00000000, 
	0x00000000, 0x00000000, 0x00000000, 0x00000000, 0x00000000, 0x00000000, 0x00000000, 0x00000000, 0x02003FC0, 0x7D8C3C06, 0x07E0FE0E, 0x0C1FE101, 0xF6181000, 0x00000000, 0x00000000, 0x00000000, 0x00000000, 0x00000000, 0x00000000, 0x00000000, 
	0x00000000, 0x00000000, 0x00000000, 0x00000000, 0x00000000, 0x00000000, 0x00000000, 0x00000000, 0x02000F80, 0x798C0C02, 0x03C07806, 0x0C0F2100, 0xE4101000, 0x00000000, 0x00000000, 0x00000000, 0x00000000, 0x00000000, 0x00000000, 0x00000000, 
	0x00000000, 0x00000000, 0x00000000, 0x00000000, 0x00000000, 0x00000000, 0x00000000, 0x00000000, 0x02000100, 0x00000002, 0x00000000, 0x00000000, 0x00101000, 0x00000000, 0x00000000, 0x00000000, 0x00000000, 0x00000000, 0x00000000, 0x00000000, 
	0x00000000, 0x00000000, 0x00000000, 0x00000000, 0x00000000, 0x00000000, 0x00000000, 0x00000000, 0x020001C0, 0x00000003, 0x00000000, 0x00000000, 0x00301000, 0x00000000, 0x00000000, 0x00000000, 0x00000000, 0x00000000, 0x00000000, 0x00000000, 
	0x00000000, 0x00000000, 0x00000000, 0x00000000, 0x00000000, 0x00000000, 0x00000000, 0x00000000, 0x020000F0, 0x00000001, 0x00000000, 0x00000000, 0x00301000, 0x00000000, 0x00000000, 0x00000000, 0x00000000, 0x00000000, 0x00000000, 0x00000000, 
	0x00000000, 0x00000000, 0x00000000, 0x00000000, 0x00000000, 0x00000000, 0x00000000, 0x00000000, 0x02000070, 0x00000001, 0x00000000, 0x00000000, 0x00201000, 0x00000000, 0x00000000, 0x00000000, 0x00000000, 0x00000000, 0x00000000, 0x00000000, 
	0x00000000, 0x00000000, 0x00000000, 0x00000000, 0x00000000, 0x00000000, 0x00000000, 0x00000000, 0x02000000, 0x00000001, 0x80000000, 0x00000000, 0x00601000, 0x00000000, 0x00000000, 0x00000000, 0x00000000, 0x00000000, 0x00000000, 0x00000000, 
	0x00000000, 0x00000000, 0x00000000, 0x00000000, 0x00000000, 0x00000000, 0x00000000, 0x00000000, 0x02000000, 0x00000000, 0x00000000, 0x00000000, 0x00001000, 0x00000000, 0x00000000, 0x00000000, 0x00000000, 0x00000000, 0x00000000, 0x00000000, 
	0x00000000, 0x00000000, 0x00000000, 0x00000000, 0x00000000, 0x00000000, 0x00000000, 0x00000000, 0x02000000, 0x00000000, 0x00000000, 0x00000000, 0x00001000, 0x00000000, 0x00000000, 0x00000000, 0x00000000, 0x00000000, 0x00000000, 0x00000000, 
	0x00000000, 0x00000000, 0x00000000, 0x00000000, 0x00000000, 0x00000000, 0x00000000, 0x00000000, 0x02000000, 0x00000000, 0x00000000, 0x00000000, 0x00001000, 0x00000000, 0x00000000, 0x00000000, 0x00000000, 0x00000000, 0x00000000, 0x00000000, 
	0x00000000, 0x00000000, 0x00000000, 0x00000000, 0x00000000, 0x00000000, 0x00000000, 0x00000000, 0x02000000, 0x00000000, 0x00000000, 0x00000000, 0x00001000, 0x00000000, 0x00000000, 0x00000000, 0x00000000, 0x00000000, 0x00000000, 0x00000000, 
	0x00000000, 0x00000000, 0x00000000, 0x00000000, 0x00000000, 0x00000000, 0x00000000, 0x00000000, 0x02000000, 0x00000000, 0x00000000, 0x00000000, 0x00001000, 0x00000000, 0x00000000, 0x00000000, 0x00000000, 0x00000000, 0x00000000, 0x00000000, 
	0x00000000, 0x00000000, 0x00000000, 0x00000000, 0x00000000, 0x00000000, 0x00000000, 0x00000000, 0x03FFFFFF, 0xFFFFFFFF, 0xFFFFFFFF, 0xFFFFFFFF, 0xFFFFF000, 0x00000000, 0x00000000, 0x00000000, 0x00000000, 0x00000000, 0x00000000, 0x00000000, 
	0x00000000, 0x00000000, 0x00000000, 0x00000000, 0x00000000, 0x00000000, 0x00000000, 0x00000000, 0x00000000, 0x00000000, 0x00000000, 0x00000000, 0x00000000, 0x00000000, 0x00000000, 0x00000000, 0x00000000, 0x00000000, 0x00000000, 0x00000000, 
	0x00000000, 0x00000000, 0x00000000, 0x00000000, 0x00000000, 0x00000000, 0x00000000, 0x00000000, 0x00000000, 0x00000000, 0x00000000, 0x00000000, 0x00000000, 0x00000000, 0x00000000, 0x00000000, 0x00000000, 0x00000000, 0x00000000, 0x00000000, 
	0x00000000, 0x00000000, 0x00000000, 0x00000000, 0x00000000, 0x00000000, 0x00000000, 0x00000000, 0x00000000, 0x00000000, 0x00000000, 0x00000000, 0x00000000, 0x00000000, 0x00000000, 0x00000000, 0x00000000, 0x00000000, 0x00000000, 0x00000000, 
	0x00000000, 0x00000000, 0x00000000, 0x00000000, 0x00000000, 0x00000000, 0x00000000, 0x00000000, 0x00000000, 0x00000000, 0x00000000, 0x00000000, 0x00000000, 0x00000000, 0x00000000, 0x00000000, 0x00000000, 0x00000000, 0x00000000, 0x00000000, 
	0x00000000, 0x00000000, 0x00000000, 0x00000000, 0x00000000, 0x00000000, 0x00000000, 0x00000000, 0x00000000, 0x00000000, 0x00000000, 0x00000000, 0x00000000, 0x00000000, 0x00000000, 0x00000000, 0x00000000, 0x00000000, 0x00000000, 0x00000000, 
	0x00000000, 0x00000000, 0x00000000, 0x00000000, 0x00000000, 0x00000000, 0x00000000, 0x00000000, 0x00000000, 0x00000000, 0x00000000, 0x00000000, 0x00000000, 0x00000000, 0x00000000, 0x00000000, 0x00000000, 0x00000000, 0x00000000, 0x00000000, 
	0x00000000, 0x00000000, 0x00000000, 0x00000000, 0x00000000, 0x00000000, 0x00000000, 0x00000000, 0x00000000, 0x00000000, 0x00000000, 0x00000000, 0x00000000, 0x00000000, 0x00000000, 0x00000000, 0x00000000, 0x00000000, 0x00000000, 0x00000000, 
	0x00000000, 0x00000000, 0x00000000, 0x00000000, 0x00000000, 0x00000000, 0x00000000, 0x00000000, 0x00000000, 0x00000000, 0x00000000, 0x00000000, 0x00000000, 0x00000000, 0x00000000, 0x00000000, 0x00000000, 0x00000000, 0x00000000, 0x00000000, 
	0x00000000, 0x00000000, 0x00000000, 0x00000000, 0x00000000, 0x00000000, 0x00000000, 0x00000000, 0x00000000, 0x00000000, 0x00000000, 0x00000000, 0x00000000, 0x00000000, 0x00000000, 0x00000000, 0x00000000, 0x00000000, 0x00000000, 0x00000000, 
	0x00000000, 0x00000000, 0x00000000, 0x00000000, 0x00000000, 0x00000000, 0x00000000, 0x00000000, 0x00000000, 0x00000000, 0x00000000, 0x00000000, 0x00000000, 0x00000000, 0x00000000, 0x00000000, 0x00000000, 0x00000000, 0x00000000, 0x00000000, 
	0x00000000, 0x00000000, 0x00000000, 0x00000000, 0x00000000, 0x00000000, 0x00000000, 0x00000000, 0x00000000, 0x00000000, 0x00000000, 0x00000000, 0x00000000, 0x00000000, 0x00000000, 0x00000000, 0x00000000, 0x00000000, 0x00000000, 0x00000000, 
	0x00000000, 0x00000000, 0x00000000, 0x00000000, 0x00000000, 0x00000000, 0x00000000, 0x00000000, 0x00000000, 0x00000000, 0x00000000, 0x00000000, 0x00000000, 0x00000000, 0x00000000, 0x00000000, 0x00000000, 0x00000000, 0x00000000, 0x00000000, 
	0x00000000, 0x00000000, 0x00000000, 0x00000000, 0x00000000, 0x00000000, 0x00000000, 0x00000000, 0x00000000, 0x00000000, 0x00000000, 0x00000000, 0x00000000, 0x00000000, 0x00000000, 0x00000000, 0x00000000, 0x00000000, 0x00000000, 0x00000000, 
	0x00000000, 0x00000000, 0x00000000, 0x00000000, 0x00000000, 0x00000000, 0x00000000, 0x00000000, 0x00000000, 0x00000000, 0x00000000, 0x00000000, 0x00000000, 0x00000000, 0x00000000, 0x00000000, 0x00000000, 0x00000000, 0x00000000, 0x00000000, 
	0x00000000, 0x00000000, 0x00000000, 0x00000000, 0x00000000, 0x00000000, 0x00000000, 0x00000000, 0x00000000, 0x00000000, 0x00000000, 0x00000000, 0x00000000, 0x00000000, 0x00000000, 0x00000000, 0x00000000, 0x00000000, 0x00000000, 0x00000000, 
	0x00000000, 0x00000000, 0x00000000, 0x00000000, 0x00000000, 0x00000000, 0x00000000, 0x00000000, 0x00000000, 0x00000000, 0x00000000, 0x00000000, 0x00000000, 0x00000000, 0x00000000, 0x00000000, 0x00000000, 0x00000000, 0x00000000, 0x00000000, 
	0x00000000, 0x00000000, 0x00000000, 0x00000000, 0x00000000, 0x00000000, 0x00000000, 0x00000000, 0x00000000, 0x00000000, 0x00000000, 0x00000000, 0x00000000, 0x00000000, 0x00000000, 0x00000000, 0x00000000, 0x00000000, 0x00000000, 0x00000000, 
	0x00000000, 0x00000000, 0x00000000, 0x00000000, 0x00000000, 0x00000000, 0x00000000, 0x00000000, 0x00000000, 0x00000000, 0x00000000, 0x00000000, 0x00000000, 0x00000000, 0x00000000, 0x00000000, 0x00000000, 0x00000000, 0x00000000, 0x00000000, 
	0x00000000, 0x00000000, 0x00000000, 0x00000000, 0x00000000, 0x00000000, 0x00000000, 0x00000000, 0x00000000, 0x00000000, 0x00000000, 0x00000000, 0x00000000, 0x00000000, 0x00000000, 0x00000000, 0x00000000, 0x00000000, 0x00000000, 0x00000000, 
	0x00000000, 0x00000000, 0x00000000, 0x00000000, 0x00000000, 0x00000000, 0x00000000, 0x00000000, 0x00000000, 0x00000000, 0x00000000, 0x00000000, 0x00000000, 0x00000000, 0x00000000, 0x00000000, 0x00000000, 0x00000000, 0x00000000, 0x00000000, 
	0x00000000, 0x00000000, 0x00000000, 0x00000000, 0x00000000, 0x00000000, 0x00000000, 0x00000000, 0x00000000, 0x00000000, 0x00000000, 0x00000000, 0x00000000, 0x00000000, 0x00000000, 0x00000000, 0x00000000, 0x00000000, 0x00000000, 0x00000000, 
	0x00000000, 0x00000000, 0x00000000, 0x00000000, 0x00000000, 0x00000000, 0x00000000, 0x00000000, 0x00000000, 0x00000000, 0x00000000, 0x00000000, 0x00000000, 0x00000000, 0x00000000, 0x00000000, 0x00000000, 0x00000000, 0x00000000, 0x00000000, 
	0x00000000, 0x00000000, 0x00000000, 0x00000000, 0x00000000, 0x00000000, 0x00000000, 0x00000000, 0x00000000, 0x00000000, 0x00000000, 0x00000000, 0x00000000, 0x00000000, 0x00000000, 0x00000000, 0x00000000, 0x00000000, 0x00000000, 0x00000000, 
	0x00000000, 0x00000000, 0x00000000, 0x00000000, 0x00000000, 0x00000000, 0x00000000, 0x00000000, 0x00000000, 0x00000000, 0x00000000, 0x00000000, 0x00000000, 0x00000000, 0x00000000, 0x00000000, 0x00000000, 0x00000000, 0x00000000, 0x00000000, 
	0x00000000, 0x00000000, 0x00000000, 0x00000000, 0x00000000, 0x00000000, 0x00000000, 0x00000000, 0x00000000, 0x00000000, 0x00000000, 0x00000000, 0x00000000, 0x00000000, 0x00000000, 0x00000000, 0x00000000, 0x00000000, 0x00000000, 0x00000000, 
	0x00000000, 0x00000000, 0x00000000, 0x00000000, 0x00000000, 0x00000000, 0x00000000, 0x00000000, 0x00000000, 0x00000000, 0x00000000, 0x00000000, 0x00000000, 0x00000000, 0x00000000, 0x00000000, 0x00000000, 0x00000000, 0x00000000, 0x00000000, 
	0x00000000, 0x00000000, 0x00000000, 0x00000000, 0x00000000, 0x00000000, 0x00000000, 0x00000000, 0x00000000, 0x00000000, 0x00000000, 0x00000000, 0x00000000, 0x00000000, 0x00000000, 0x00000000, 0x00000000, 0x00000000, 0x00000000, 0x00000000, 
	0x00000000, 0x00000000, 0x00000000, 0x00000000, 0x00000000, 0x00000000, 0x00000000, 0x00000000, 0x00000000, 0x00000000, 0x00000000, 0x00000000, 0x00000000, 0x00000000, 0x00000000, 0x00000000, 0x00000000, 0x00000000, 0x00000000, 0x00000000, 
	0x00000000, 0x00000000, 0x00000000, 0x00000000, 0x00000000, 0x00000000, 0x00000000, 0x00000000, 0x00000000, 0x00000000, 0x00000000, 0x00000000, 0x00000000, 0x00000000, 0x00000000, 0x00000000, 0x00000000, 0x00000000, 0x00000000, 0x00000000, 
	0x00000000, 0x00000000, 0x00000000, 0x00000000, 0x00000000, 0x00000000, 0x00000000, 0x00000000, 0x00000000, 0x00000000, 0x00000000, 0x00000000, 0x00000000, 0x00000000, 0x00000000, 0x00000000, 0x00000000, 0x00000000, 0x00000000, 0x00000000, 
	0x00000000, 0x00000000, 0x00000000, 0x00000000, 0x00000000, 0x00000000, 0x00000000, 0x00000000, 0x00000000, 0x00000000, 0x00000000, 0x00000000, 0x00000000, 0x00000000, 0x00000000, 0x00000000, 0x00000000, 0x00000000, 0x00000000, 0x00000000, 
	0x00000000, 0x00000000, 0x00000000, 0x00000000, 0x00000000, 0x00000000, 0x00000000, 0x00000000, 0x00000000, 0x00000000, 0x00000000, 0x00000000, 0x00000000, 0x00000000, 0x00000000, 0x00000000, 0x00000000, 0x00000000, 0x00000000, 0x00000000, 
	0x00000000, 0x00000000, 0x00000000, 0x00000000, 0x00000000, 0x00000000, 0x00000000, 0x00000000, 0x00000000, 0x00000000, 0x00000000, 0x00000000, 0x00000000, 0x00000000, 0x00000000, 0x00000000, 0x00000000, 0x00000000, 0x00000000, 0x00000000, 
	0x00000000, 0x00000000, 0x00000000, 0x00000000, 0x00000000, 0x00000000, 0x00000000, 0x00000000, 0x00000000, 0x00000000, 0x00000000, 0x00000000, 0x00000000, 0x00000000, 0x00000000, 0x00000000, 0x00000000, 0x00000000, 0x00000000, 0x00000000, 
	0x00000000, 0x00000000, 0x00000000, 0x00000000, 0x00000000, 0x00000000, 0x00000000, 0x00000000, 0x00000000, 0x00000000, 0x00000000, 0x00000000, 0x00000000, 0x00000000, 0x00000000, 0x00000000, 0x00000000, 0x00000000, 0x00000000, 0x00000000, 
	0x00000000, 0x00000000, 0x00000000, 0x00000000, 0x00000000, 0x00000000, 0x00000000, 0x00000000, 0x00000000, 0x00000000, 0x00000000, 0x00000000, 0x00000000, 0x00000000, 0x00000000, 0x00000000, 0x00000000, 0x00000000, 0x00000000, 0x00000000, 
	0x00000000, 0x00000000, 0x00000000, 0x00000000, 0x00000000, 0x00000000, 0x00000000, 0x00000000, 0x00000000, 0x00000000, 0x00000000, 0x00000000, 0x00000000, 0x00000000, 0x00000000, 0x00000000, 0x00000000, 0x00000000, 0x00000000, 0x00000000 
};

unsigned long game_over_splash_bitmap[] = {
0x00000000, 0x00000000, 0x00000000, 0x00000000, 0x00000000, 0x00000000, 0x00000000, 0x00000000, 0x00000000, 0x00000000, 0x00000000, 0x00000000, 0x00000000, 0x00000000, 0x00000000, 0x00000000, 0x00000000, 0x00000000, 0x00000000, 0x00000000, 
	0x00000000, 0x00000000, 0x00000000, 0x00000000, 0x00000000, 0x00000000, 0x00000000, 0x00000000, 0x00000000, 0x00000000, 0x00000000, 0x00000000, 0x00000000, 0x00000000, 0x00000000, 0x00000000, 0x00000000, 0x00000000, 0x00000000, 0x00000000, 
	0x00000000, 0x00000000, 0x00000000, 0x00000000, 0x00000000, 0x00000000, 0x00000000, 0x00000000, 0x00000000, 0x00000000, 0x00000000, 0x00000000, 0x00000000, 0x00000000, 0x00000000, 0x00000000, 0x00000000, 0x00000000, 0x00000000, 0x00000000, 
	0x00000000, 0x00000000, 0x00000000, 0x00000000, 0x00000000, 0x00000000, 0x00000000, 0x00000000, 0x00000000, 0x00000000, 0x00000000, 0x00000000, 0x00000000, 0x00000000, 0x00000000, 0x00000000, 0x00000000, 0x00000000, 0x00000000, 0x00000000, 
	0x00000000, 0x00000000, 0x00000000, 0x00000000, 0x00000000, 0x00000000, 0x00000000, 0x00000000, 0x00000000, 0x00000000, 0x00000000, 0x00000000, 0x00000000, 0x00000000, 0x00000000, 0x00000000, 0x00000000, 0x00000000, 0x00000000, 0x00000000, 
	0x00000000, 0x00000000, 0x00000000, 0x00000000, 0x00000000, 0x00000000, 0x00000000, 0x00000000, 0x00000000, 0x00000000, 0x00000000, 0x00000000, 0x00000000, 0x00000000, 0x00000000, 0x00000000, 0x00000000, 0x00000000, 0x00000000, 0x00000000, 
	0x00000000, 0x00000000, 0x00000000, 0x00000000, 0x00000000, 0x00000000, 0x00000000, 0x00000000, 0x00000000, 0x00000000, 0x00000000, 0x00000000, 0x00000000, 0x00000000, 0x00000000, 0x00000000, 0x00000000, 0x00000000, 0x00000000, 0x00000000, 
	0x00000000, 0x00000000, 0x00000000, 0x00000000, 0x00000000, 0x00000000, 0x00000000, 0x00000000, 0x00000000, 0x00000000, 0x00000000, 0x00000000, 0x00000000, 0x00000000, 0x00000000, 0x00000000, 0x00000000, 0x00000000, 0x00000000, 0x00000000, 
	0x00000000, 0x00000000, 0x00000000, 0x00000000, 0x00000000, 0x00000000, 0x00000000, 0x00000000, 0x00000000, 0x00000000, 0x00000000, 0x00000000, 0x00000000, 0x00000000, 0x00000000, 0x00000000, 0x00000000, 0x00000000, 0x00000000, 0x00000000, 
	0x00000000, 0x00000000, 0x00000000, 0x00000000, 0x00000000, 0x00000000, 0x00000000, 0x00000000, 0x00000000, 0x00000000, 0x00000000, 0x00000000, 0x00000000, 0x00000000, 0x00000000, 0x00000000, 0x00000000, 0x00000000, 0x00000000, 0x00000000, 
	0x00000000, 0x00000000, 0x00000000, 0x00000000, 0x00000000, 0x00000000, 0x00000000, 0x00000000, 0x00000000, 0x00000000, 0x00000000, 0x00000000, 0x00000000, 0x00000000, 0x00000000, 0x00000000, 0x00000000, 0x00000000, 0x00000000, 0x00000000, 
	0x00000000, 0x00000000, 0x00000000, 0x00000000, 0x00000000, 0x00000000, 0x00000000, 0x00000000, 0x00000000, 0x00000000, 0x00000000, 0x00000000, 0x00000000, 0x00000000, 0x00000000, 0x00000000, 0x00000000, 0x00000000, 0x00000000, 0x00000000, 
	0x00000000, 0x00000000, 0x00000000, 0x00000000, 0x00000000, 0x00000000, 0x00000000, 0x00000000, 0x00000000, 0x00000000, 0x00000000, 0x00000000, 0x00000000, 0x00000000, 0x00000000, 0x00000000, 0x00000000, 0x00000000, 0x00000000, 0x00000000, 
	0x00000000, 0x00000000, 0x00000000, 0x00000000, 0x00000000, 0x00000000, 0x00000000, 0x00000000, 0x00000000, 0x00000000, 0x00000000, 0x00000000, 0x00000000, 0x00000000, 0x00000000, 0x00000000, 0x00000000, 0x00000000, 0x00000000, 0x00000000, 
	0x00000000, 0x00000000, 0x00000000, 0x00000000, 0x00000000, 0x00000000, 0x00000000, 0x00000000, 0x00000000, 0x00000000, 0x00000000, 0x00000000, 0x00000000, 0x00000000, 0x00000000, 0x00000000, 0x00000000, 0x00000000, 0x00000000, 0x00000000, 
	0x00000000, 0x00000000, 0x00000000, 0x00000000, 0x00000000, 0x00000000, 0x00000000, 0x00000000, 0x00000000, 0x00000000, 0x00000000, 0x00000000, 0x00000000, 0x00000000, 0x00000000, 0x00000000, 0x00000000, 0x00000000, 0x00000000, 0x00000000, 
	0x00000000, 0x00000000, 0x00000000, 0x00000000, 0x00000000, 0x00000000, 0x00000000, 0x00000000, 0x00000000, 0x00000000, 0x00000000, 0x00000000, 0x00000000, 0x00000000, 0x00000000, 0x00000000, 0x00000000, 0x00000000, 0x00000000, 0x00000000, 
	0x00000000, 0x00000000, 0x00000000, 0x00000000, 0x00000000, 0x00000000, 0x00000000, 0x00000000, 0x00000000, 0x00000000, 0x00000000, 0x00000000, 0x00000000, 0x00000000, 0x00000000, 0x00000000, 0x00000000, 0x00000000, 0x00000000, 0x00000000, 
	0x00000000, 0x00000000, 0x00000000, 0x00000000, 0x00000000, 0x00000000, 0x00000000, 0x00000000, 0x00000000, 0x00000000, 0x00000000, 0x00000000, 0x00000000, 0x00000000, 0x00000000, 0x00000000, 0x00000000, 0x00000000, 0x00000000, 0x00000000, 
	0x00000000, 0x00000000, 0x00000000, 0x00000000, 0x00000000, 0x00000000, 0x00000000, 0x00000000, 0x00000000, 0x00000000, 0x00000000, 0x00000000, 0x00000000, 0x00000000, 0x00000000, 0x00000000, 0x00000000, 0x00000000, 0x00000000, 0x00000000, 
	0x00000000, 0x00000000, 0x00000000, 0x00000000, 0x00000000, 0x00000000, 0x00000000, 0x00000000, 0x00000000, 0x00000000, 0x00000000, 0x00000000, 0x00000000, 0x00000000, 0x00000000, 0x00000000, 0x00000000, 0x00000000, 0x00000000, 0x00000000, 
	0x00000000, 0x00000000, 0x00000000, 0x00000000, 0x00000000, 0x00000000, 0x00000000, 0x00000000, 0x00000000, 0x00000000, 0x00000000, 0x00000000, 0x00000000, 0x00000000, 0x00000000, 0x00000000, 0x00000000, 0x00000000, 0x00000000, 0x00000000, 
	0x00000000, 0x00000000, 0x00000000, 0x00000000, 0x00000000, 0x00000000, 0x00000000, 0x00000000, 0x00000000, 0x00000000, 0x00000000, 0x00000000, 0x00000000, 0x00000000, 0x00000000, 0x00000000, 0x00000000, 0x00000000, 0x00000000, 0x00000000, 
	0x00000000, 0x00000000, 0x00000000, 0x00000000, 0x00000000, 0x00000000, 0x00000000, 0x00000000, 0x00000000, 0x00000000, 0x00000000, 0x00000000, 0x00000000, 0x00000000, 0x00000000, 0x00000000, 0x00000000, 0x00000000, 0x00000000, 0x00000000, 
	0x00000000, 0x00000000, 0x00000000, 0x00000000, 0x00000000, 0x00000000, 0x00000000, 0x00000000, 0x00000000, 0x00000000, 0x00000000, 0x00000000, 0x00000000, 0x00000000, 0x00000000, 0x00000000, 0x00000000, 0x00000000, 0x00000000, 0x00000000, 
	0x00000000, 0x00000000, 0x00000000, 0x00000000, 0x00000000, 0x00000000, 0x00000000, 0x00000000, 0x00000000, 0x00000000, 0x00000000, 0x00000000, 0x00000000, 0x00000000, 0x00000000, 0x00000000, 0x00000000, 0x00000000, 0x00000000, 0x00000000, 
	0x00000000, 0x00000000, 0x00000000, 0x00000000, 0x00000000, 0x00000000, 0x00000000, 0x00000000, 0x00000000, 0x00000000, 0x00000000, 0x00000000, 0x00000000, 0x00000000, 0x00000000, 0x00000000, 0x00000000, 0x00000000, 0x00000000, 0x00000000, 
	0x00000000, 0x00000000, 0x00000000, 0x00000000, 0x00000000, 0x00000000, 0x00000000, 0x00000000, 0x00000000, 0x00000000, 0x00000000, 0x00000000, 0x00000000, 0x00000000, 0x00000000, 0x00000000, 0x00000000, 0x00000000, 0x00000000, 0x00000000, 
	0x00000000, 0x00000000, 0x00000000, 0x00000000, 0x00000000, 0x00000000, 0x00000000, 0x00000000, 0x00000000, 0x00000000, 0x00000000, 0x00000000, 0x00000000, 0x00000000, 0x00000000, 0x00000000, 0x00000000, 0x00000000, 0x00000000, 0x00000000, 
	0x00000000, 0x00000000, 0x00000000, 0x00000000, 0x00000000, 0x00000000, 0x00000000, 0x00000000, 0x00000000, 0x00000000, 0x00000000, 0x00000000, 0x00000000, 0x00000000, 0x00000000, 0x00000000, 0x00000000, 0x00000000, 0x00000000, 0x00000000, 
	0x00000000, 0x00000000, 0x00000000, 0x00000000, 0x00000000, 0x00000000, 0x00000000, 0x00000000, 0x00000000, 0x00000000, 0x00000000, 0x00000000, 0x00000000, 0x00000000, 0x00000000, 0x00000000, 0x00000000, 0x00000000, 0x00000000, 0x00000000, 
	0x00000000, 0x00000000, 0x00000000, 0x00000000, 0x00000000, 0x00000000, 0x00000000, 0x00000000, 0x00000000, 0x00000000, 0x00000000, 0x00000000, 0x00000000, 0x00000000, 0x00000000, 0x00000000, 0x00000000, 0x00000000, 0x00000000, 0x00000000, 
	0x00000000, 0x00000000, 0x00000000, 0x00000000, 0x00000000, 0x00000000, 0x00000000, 0x00000000, 0x00000000, 0x00000000, 0x00000000, 0x00000000, 0x00000000, 0x00000000, 0x00000000, 0x00000000, 0x00000000, 0x00000000, 0x00000000, 0x00000000, 
	0x00000000, 0x00000000, 0x00000000, 0x00000000, 0x00000000, 0x00000000, 0x00000000, 0x00000000, 0x00000000, 0x00000000, 0x00000000, 0x00000000, 0x00000000, 0x00000000, 0x00000000, 0x00000000, 0x00000000, 0x00000000, 0x00000000, 0x00000000, 
	0x00000000, 0x00000000, 0x00000000, 0x00000000, 0x00000000, 0x00000000, 0x00000000, 0x00000000, 0x00000000, 0x00000000, 0x00000000, 0x00000000, 0x00000000, 0x00000000, 0x00000000, 0x00000000, 0x00000000, 0x00000000, 0x00000000, 0x00000000, 
	0x00000000, 0x00000000, 0x00000000, 0x00000000, 0x00000000, 0x00000000, 0x00000000, 0x00000000, 0x00000000, 0x00000000, 0x00000000, 0x00000000, 0x00000000, 0x00000000, 0x00000000, 0x00000000, 0x00000000, 0x00000000, 0x00000000, 0x00000000, 
	0x00000000, 0x00000000, 0x00000000, 0x00000000, 0x00000000, 0x00000000, 0x00000000, 0x00000000, 0x00000000, 0x00000000, 0x00000000, 0x00000000, 0x00000000, 0x00000000, 0x00000000, 0x00000000, 0x00000000, 0x00000000, 0x00000000, 0x00000000, 
	0x00000000, 0x00000000, 0x00000000, 0x00000000, 0x00000000, 0x00000000, 0x00000000, 0x00000000, 0x00000000, 0x00000000, 0x00000000, 0x00000000, 0x00000000, 0x00000000, 0x00000000, 0x00000000, 0x00000000, 0x00000000, 0x00000000, 0x00000000, 
	0x00000000, 0x00000000, 0x00000000, 0x00000000, 0x00000000, 0x00000000, 0x00000000, 0x00000000, 0x00000000, 0x00000000, 0x00000000, 0x00000000, 0x00000000, 0x00000000, 0x00000000, 0x00000000, 0x00000000, 0x00000000, 0x00000000, 0x00000000, 
	0x00000000, 0x00000000, 0x00000000, 0x00000000, 0x00000000, 0x00000000, 0x00000000, 0x00000000, 0x00000000, 0x00000000, 0x00000000, 0x00000000, 0x00000000, 0x00000000, 0x00000000, 0x00000000, 0x00000000, 0x00000000, 0x00000000, 0x00000000, 
	0x00000000, 0x00000000, 0x00000000, 0x00000000, 0x00000000, 0x00000000, 0x00000000, 0x00000000, 0x00000000, 0x00000000, 0x00000000, 0x00000000, 0x00000000, 0x00000000, 0x00000000, 0x00000000, 0x00000000, 0x00000000, 0x00000000, 0x00000000, 
	0x00000000, 0x00000000, 0x00000000, 0x00000000, 0x00000000, 0x00000000, 0x00000000, 0x00000000, 0x00000000, 0x00000000, 0x00000000, 0x00000000, 0x00000000, 0x00000000, 0x00000000, 0x00000000, 0x00000000, 0x00000000, 0x00000000, 0x00000000, 
	0x00000000, 0x00000000, 0x00000000, 0x00000000, 0x00000000, 0x00000000, 0x00000000, 0x00000000, 0x00000000, 0x00000000, 0x00000000, 0x00000000, 0x00000000, 0x00000000, 0x00000000, 0x00000000, 0x00000000, 0x00000000, 0x00000000, 0x00000000, 
	0x00000000, 0x00000000, 0x00000000, 0x00000000, 0x00000000, 0x00000000, 0x00000000, 0x00000000, 0x00000000, 0x00000000, 0x00000000, 0x00000000, 0x00000000, 0x00000000, 0x00000000, 0x00000000, 0x00000000, 0x00000000, 0x00000000, 0x00000000, 
	0x00000000, 0x00000000, 0x00000000, 0x00000000, 0x00000000, 0x00000000, 0x00000000, 0x00000000, 0x00000000, 0x00000000, 0x00000000, 0x00000000, 0x00000000, 0x00000000, 0x00000000, 0x00000000, 0x00000000, 0x00000000, 0x00000000, 0x00000000, 
	0x00000000, 0x00000000, 0x00000000, 0x00000000, 0x00000000, 0x00000000, 0x00000000, 0x00000000, 0x00000000, 0x00000000, 0x00000000, 0x00000000, 0x00000000, 0x00000000, 0x00000000, 0x00000000, 0x00000000, 0x00000000, 0x00000000, 0x00000000, 
	0x00000000, 0x00000000, 0x00000000, 0x00000000, 0x00000000, 0x00000000, 0x00000000, 0x00000000, 0x00000000, 0x00000000, 0x00000000, 0x00000000, 0x00000000, 0x00000000, 0x00000000, 0x00000000, 0x00000000, 0x00000000, 0x00000000, 0x00000000, 
	0x00000000, 0x00000000, 0x00000000, 0x00000000, 0x00000000, 0x00000000, 0x00000000, 0x00000000, 0x00000000, 0x00000000, 0x00000000, 0x00000000, 0x00000000, 0x00000000, 0x00000000, 0x00000000, 0x00000000, 0x00000000, 0x00000000, 0x00000000, 
	0x00000000, 0x00000000, 0x00000000, 0x00000000, 0x00000000, 0x00000000, 0x00000000, 0x00000000, 0x00000000, 0x00000000, 0x00000000, 0x00000000, 0x00000000, 0x00000000, 0x00000000, 0x00000000, 0x00000000, 0x00000000, 0x00000000, 0x00000000, 
	0x00000000, 0x00000000, 0x00000000, 0x00000000, 0x00000000, 0x00000000, 0x00000000, 0x00000000, 0x00000000, 0x00000000, 0x00000000, 0x00000000, 0x00000000, 0x00000000, 0x00000000, 0x00000000, 0x00000000, 0x00000000, 0x00000000, 0x00000000, 
	0x00000000, 0x00000000, 0x00000000, 0x00000000, 0x00000000, 0x00000000, 0x00000000, 0x00000000, 0x00000000, 0x00000000, 0x00000000, 0x00000000, 0x00000000, 0x00000000, 0x00000000, 0x00000000, 0x00000000, 0x00000000, 0x00000000, 0x00000000, 
	0x00000000, 0x00000000, 0x00000000, 0x00000000, 0x00000000, 0x00000000, 0x00000000, 0x00000000, 0x00000000, 0x00000000, 0x00000000, 0x00000000, 0x00000000, 0x00000000, 0x00000000, 0x00000000, 0x00000000, 0x00000000, 0x00000000, 0x00000000, 
	0x00000000, 0x00000000, 0x00000000, 0x00000000, 0x00000000, 0x00000000, 0x00000000, 0x00000000, 0x00000000, 0x00000000, 0x00000000, 0x00000000, 0x00000000, 0x00000000, 0x00000000, 0x00000000, 0x00000000, 0x00000000, 0x00000000, 0x00000000, 
	0x00000000, 0x00000000, 0x00000000, 0x00000000, 0x00000000, 0x00000000, 0x00000000, 0x00000000, 0x00000000, 0x00000000, 0x00000000, 0x00000000, 0x00000000, 0x00000000, 0x00000000, 0x00000000, 0x00000000, 0x00000000, 0x00000000, 0x00000000, 
	0x00000000, 0x00000000, 0x00000000, 0x00000000, 0x00000000, 0x00000000, 0x00000000, 0x00000000, 0x00000000, 0x00000000, 0x00000000, 0x00000000, 0x00000000, 0x00000000, 0x00000000, 0x00000000, 0x00000000, 0x00000000, 0x00000000, 0x00000000, 
	0x00000000, 0x00000000, 0x00000000, 0x00000000, 0x00000000, 0x00000000, 0x00000000, 0x00000000, 0x00000000, 0x00000000, 0x00000000, 0x00000000, 0x00000000, 0x00000000, 0x00000000, 0x00000000, 0x00000000, 0x00000000, 0x00000000, 0x00000000, 
	0x00000000, 0x00000000, 0x00000000, 0x00000000, 0x00000000, 0x00000000, 0x00000000, 0x00000000, 0x00000000, 0x00000000, 0x00000000, 0x00000000, 0x00000000, 0x00000000, 0x00000000, 0x00000000, 0x00000000, 0x00000000, 0x00000000, 0x00000000, 
	0x00000000, 0x00000000, 0x00000000, 0x00000000, 0x00000000, 0x00000000, 0x00000000, 0x00000000, 0x00000000, 0x00000000, 0x00000000, 0x00000000, 0x00000000, 0x00000000, 0x00000000, 0x00000000, 0x00000000, 0x00000000, 0x00000000, 0x00000000, 
	0x00000000, 0x00000000, 0x00000000, 0x00000000, 0x00000000, 0x00000000, 0x00000000, 0x00000000, 0x00000000, 0x00000000, 0x00000000, 0x00000000, 0x00000000, 0x00000000, 0x00000000, 0x00000000, 0x00000000, 0x00000000, 0x00000000, 0x00000000, 
	0x00000000, 0x00000000, 0x00000000, 0x00000000, 0x00000000, 0x00000000, 0x00000000, 0x00000000, 0x00000000, 0x00000000, 0x00000000, 0x00000000, 0x00000000, 0x00000000, 0x00000000, 0x00000000, 0x00000000, 0x00000000, 0x00000000, 0x00000000, 
	0x00000000, 0x00000000, 0x00000000, 0x00000000, 0x00000000, 0x00000000, 0x00000000, 0x00000000, 0x00000000, 0x00000000, 0x00000000, 0x00000000, 0x00000000, 0x00000000, 0x00000000, 0x00000000, 0x00000000, 0x00000000, 0x00000000, 0x00000000, 
	0x00000000, 0x00000000, 0x00000000, 0x00000000, 0x00000000, 0x00000000, 0x00000000, 0x00000000, 0x00000000, 0x00000000, 0x00000000, 0x00000000, 0x00000000, 0x00000000, 0x00000000, 0x00000000, 0x00000000, 0x00000000, 0x00000000, 0x00000000, 
	0x00000000, 0x00000000, 0x00000000, 0x00000000, 0x00000000, 0x00000000, 0x00000000, 0x00000000, 0x00000000, 0x00000000, 0x00000000, 0x00000000, 0x00000000, 0x00000000, 0x00000000, 0x00000000, 0x00000000, 0x00000000, 0x00000000, 0x00000000, 
	0x00000000, 0x00000000, 0x00000000, 0x00000000, 0x00000000, 0x00000000, 0x00000000, 0x00000000, 0x00000000, 0x00000000, 0x00000000, 0x00000000, 0x00000000, 0x00000000, 0x00000000, 0x00000000, 0x00000000, 0x00000000, 0x00000000, 0x00000000, 
	0x00000000, 0x00000000, 0x00000000, 0x00000000, 0x00000000, 0x00000000, 0x00000000, 0x00000000, 0x00000000, 0x00000000, 0x00000000, 0x00000000, 0x00000000, 0x00000000, 0x00000000, 0x00000000, 0x00000000, 0x00000000, 0x00000000, 0x00000000, 
	0x00000000, 0x00000000, 0x00000000, 0x00000000, 0x00000000, 0x00000000, 0x00000000, 0x00000000, 0x00000000, 0x00000000, 0x00000000, 0x00000000, 0x00000000, 0x00000000, 0x00000000, 0x00000000, 0x00000000, 0x00000000, 0x00000000, 0x00000000, 
	0x00000000, 0x00000000, 0x00000000, 0x00000000, 0x00000000, 0x00000000, 0x00000000, 0x00000000, 0x00000000, 0x00000000, 0x00000000, 0x00000000, 0x00000000, 0x00000000, 0x00000000, 0x00000000, 0x00000000, 0x00000000, 0x00000000, 0x00000000, 
	0x00000000, 0x00000000, 0x00000000, 0x00000000, 0x00000000, 0x00000000, 0x00000000, 0x00000000, 0x00000000, 0x00000000, 0x00000000, 0x00000000, 0x00000000, 0x00000000, 0x00000000, 0x00000000, 0x00000000, 0x00000000, 0x00000000, 0x00000000, 
	0x00000000, 0x00000000, 0x00000000, 0x00000000, 0x00000000, 0x00000000, 0x00000000, 0x00000000, 0x00000000, 0x00000000, 0x00000000, 0x00000000, 0x00000000, 0x00000000, 0x00000000, 0x00000000, 0x00000000, 0x00000000, 0x00000000, 0x00000000, 
	0x00000000, 0x00000000, 0x00000000, 0x00000000, 0x00000000, 0x00000000, 0x00000000, 0x00000000, 0x00000000, 0x00000000, 0x00000000, 0x00000000, 0x00000000, 0x00000000, 0x00000000, 0x00000000, 0x00000000, 0x00000000, 0x00000000, 0x00000000, 
	0x00000000, 0x00000000, 0x00000000, 0x00000000, 0x00000000, 0x00000000, 0x00000000, 0x00000000, 0x00000000, 0x00000000, 0x00000000, 0x00000000, 0x00000000, 0x00000000, 0x00000000, 0x00000000, 0x00000000, 0x00000000, 0x00000000, 0x00000000, 
	0x00000000, 0x00000000, 0x00000000, 0x00000000, 0x00000000, 0x00000000, 0x00000000, 0x00000000, 0x00000000, 0x00000000, 0x00000000, 0x00000000, 0x00000000, 0x00000000, 0x00000000, 0x00000000, 0x00000000, 0x00000000, 0x00000000, 0x00000000, 
	0x00000000, 0x00000000, 0x00000000, 0x00000000, 0x00000000, 0x00000000, 0x00000000, 0x00000000, 0x00000000, 0x00000000, 0x00000000, 0x00000000, 0x00000000, 0x00000000, 0x00000000, 0x00000000, 0x00000000, 0x00000000, 0x00000000, 0x00000000, 
	0x00000000, 0x00000000, 0x00000000, 0x00000000, 0x00000000, 0x00000000, 0x00000000, 0x00000000, 0x00000000, 0x00000000, 0x00000000, 0x00000000, 0x00000000, 0x00000000, 0x00000000, 0x00000000, 0x00000000, 0x00000000, 0x00000000, 0x00000000, 
	0x00000000, 0x00000000, 0x00000000, 0x00000000, 0x00000000, 0x00000000, 0x00000000, 0x00000000, 0x00000000, 0x00000000, 0x00000000, 0x00000000, 0x00000000, 0x00000000, 0x00000000, 0x00000000, 0x00000000, 0x00000000, 0x00000000, 0x00000000, 
	0x00000000, 0x00000000, 0x00000000, 0x00000000, 0x00000000, 0x00000000, 0x00000000, 0x00000000, 0x00000000, 0x00000000, 0x00000000, 0x00000000, 0x00000000, 0x00000000, 0x00000000, 0x00000000, 0x00000000, 0x00000000, 0x00000000, 0x00000000, 
	0x00000000, 0x00000000, 0x00000000, 0x00000000, 0x00000000, 0x00000000, 0x00000000, 0x00000000, 0x00000000, 0x00000000, 0x00000000, 0x00000000, 0x00000000, 0x00000000, 0x00000000, 0x00000000, 0x00000000, 0x00000000, 0x00000000, 0x00000000, 
	0x00000000, 0x00000000, 0x00000000, 0x00000000, 0x00000000, 0x00000000, 0x00000000, 0x00000000, 0x00000000, 0x00000000, 0x00000000, 0x00000000, 0x00000000, 0x00000000, 0x00000000, 0x00000000, 0x00000000, 0x00000000, 0x00000000, 0x00000000, 
	0x00000000, 0x00000000, 0x00000000, 0x00000000, 0x00000000, 0x00000000, 0x00000000, 0x00000000, 0x00000000, 0x00000000, 0x00000000, 0x00000000, 0x00000000, 0x00000000, 0x00000000, 0x00000000, 0x00000000, 0x00000000, 0x00000000, 0x00000000, 
	0x00000000, 0x00000000, 0x00000000, 0x00000000, 0x00000000, 0x00000000, 0x00000000, 0x00000000, 0x00000000, 0x00000000, 0x00000000, 0x00000000, 0x00000000, 0x00000000, 0x00000000, 0x00000000, 0x00000000, 0x00000000, 0x00000000, 0x00000000, 
	0x00000000, 0x00000000, 0x00000000, 0x00000000, 0x00000000, 0x00000000, 0x00000000, 0x00000000, 0x00000000, 0x00000000, 0x00000000, 0x00000000, 0x00000000, 0x00000000, 0x00000000, 0x00000000, 0x00000000, 0x00000000, 0x00000000, 0x00000000, 
	0x00000000, 0x00000000, 0x00000000, 0x00000000, 0x00000000, 0x00000000, 0x00000000, 0x00000000, 0x00000000, 0x00000000, 0x00000000, 0x00000000, 0x00000000, 0x00000000, 0x00000000, 0x00000000, 0x00000000, 0x00000000, 0x00000000, 0x00000000, 
	0x00000000, 0x00000000, 0x00000000, 0x00000000, 0x00000000, 0x00000000, 0x00000000, 0x00000000, 0x00000000, 0x00000000, 0x00000000, 0x00000000, 0x00000000, 0x00000000, 0x00000000, 0x00000000, 0x00000000, 0x00000000, 0x00000000, 0x00000000, 
	0x00000000, 0x00000000, 0x00000000, 0x00000000, 0x00000000, 0x00000000, 0x00000000, 0x00000000, 0x00000000, 0x00000000, 0x00000000, 0x00000000, 0x00000000, 0x00000000, 0x00000000, 0x00000000, 0x00000000, 0x00000000, 0x00000000, 0x00000000, 
	0x00000000, 0x00000000, 0x00000000, 0x00000000, 0x00000000, 0x00000000, 0x00000000, 0x00000000, 0x00000000, 0x00000000, 0x00000000, 0x00000000, 0x00000000, 0x00000000, 0x00000000, 0x00000000, 0x00000000, 0x00000000, 0x00000000, 0x00000000, 
	0x00000000, 0x00000000, 0x00000000, 0x00000000, 0x00000000, 0x00000000, 0x00000000, 0x00000000, 0x00000000, 0x00000000, 0x00000000, 0x00000000, 0x00000000, 0x00000000, 0x00000000, 0x00000000, 0x00000000, 0x00000000, 0x00000000, 0x00000000, 
	0x00000000, 0x00000000, 0x00000000, 0x00000000, 0x00000000, 0x00000000, 0x00000000, 0x00000000, 0x00000000, 0x00000000, 0x00000000, 0x00000000, 0x00000000, 0x00000000, 0x00000000, 0x00000000, 0x00000000, 0x00000000, 0x00000000, 0x00000000, 
	0x00000000, 0x00000000, 0x00000000, 0x00000000, 0x00000000, 0x00000000, 0x00000000, 0x00000000, 0x00000000, 0x00000000, 0x00000000, 0x00000000, 0x00000000, 0x00000000, 0x00000000, 0x00000000, 0x00000000, 0x00000000, 0x00000000, 0x00000000, 
	0x00000000, 0x00000000, 0x00000000, 0x00000000, 0x00000000, 0x00000000, 0x00000000, 0x00000000, 0x00000000, 0x00000000, 0x00000000, 0x00000000, 0x00000000, 0x00000000, 0x00000000, 0x00000000, 0x00000000, 0x00000000, 0x00000000, 0x00000000, 
	0x00000000, 0x00000000, 0x00000000, 0x00000000, 0x00000000, 0x00000000, 0x00000000, 0x00000000, 0x00000000, 0x00000000, 0x00000000, 0x00000000, 0x00000000, 0x00000000, 0x00000000, 0x00000000, 0x00000000, 0x00000000, 0x00000000, 0x00000000, 
	0x00000000, 0x00000000, 0x00000000, 0x0000001F, 0xFFFFFFFF, 0xFFFFFFFF, 0xFFFFFFFF, 0xFFFFFFFF, 0xFFFFFFFF, 0xFFFFFFFF, 0xFFFFFFFF, 0xFFFFFFFF, 0xFFFFFFFF, 0xFFFFFFFF, 0xFFFFFFFF, 0xFFFFFFFF, 0xE0000000, 0x00000000, 0x00000000, 0x00000000, 
	0x00000000, 0x00000000, 0x00000000, 0x0000001F, 0xFFFFFFFF, 0xFFFFFFFF, 0xFFFFFFFF, 0xFFFFFFFF, 0xFFFFFFFF, 0xFFFFFFFF, 0xFFFFFFFF, 0xFFFFFFFF, 0xFFFFFFFF, 0xFFFFFFFF, 0xFFFFFFFF, 0xFFFFFFFF, 0xE0000000, 0x00000000, 0x00000000, 0x00000000, 
	0x00000000, 0x00000000, 0x00000000, 0x0000001F, 0xFFFFFFFF, 0xFFFFFFFF, 0xFFFFFFFF, 0xFFFFFFFF, 0xFFFFFFFF, 0xFFFFFFFF, 0xFFFFFFFF, 0xFFFFFFFF, 0xFFFFFFFF, 0xFFFFFFFF, 0xFFFFFFFF, 0xFFFFFFFF, 0xE0000000, 0x00000000, 0x00000000, 0x00000000, 
	0x00000000, 0x00000000, 0x00000000, 0x0000001F, 0xFFFFFFFF, 0xFFFFFFFF, 0xFFFFFFFF, 0xFFFFFFFF, 0xFFFFFFFF, 0xFFFFFFFF, 0xFFFFFFFF, 0xFFFFFFFF, 0xFFFFFFFF, 0xFFFFFFFF, 0xFFFFFFFF, 0xFFFFFFFF, 0xE0000000, 0x00000000, 0x00000000, 0x00000000, 
	0x00000000, 0x00000000, 0x00000000, 0x0000001F, 0xFFFFFFFF, 0xFFFFFFFF, 0xFFFFFFFF, 0xFFFFFFFF, 0xFFFFFFFF, 0xFFFFFFFF, 0xFFFFFFFF, 0xFFFFFFFF, 0xFFFFFFFF, 0xFFFFFFFF, 0xFFFFFFFF, 0xFFFFFFFF, 0xE0000000, 0x00000000, 0x00000000, 0x00000000, 
	0x00000000, 0x00000000, 0x00000000, 0x0000001F, 0xFFFFFFFF, 0xFFFFFFFF, 0xFFFFFFFF, 0xFFFFFFFF, 0xFFFFFFFF, 0xFFFFFFFF, 0xFFFFFFFF, 0xFFFFFFFF, 0xFFFFFFFF, 0xFFFFFFFF, 0xFFFFFFFF, 0xFFFFFFFF, 0xE0000000, 0x00000000, 0x00000000, 0x00000000, 
	0x00000000, 0x00000000, 0x00000000, 0x0000001F, 0xFFFFFFFF, 0xFFFFFFFF, 0xFFFFFFFF, 0xFFFFFFFF, 0xFFFFFFFF, 0xFFFFFFFF, 0xFFFFFFFF, 0xFFFFFFFF, 0xFFFFFFFF, 0xFFFFFFFF, 0xFFFFFFFF, 0xFFFFFFFF, 0xE0000000, 0x00000000, 0x00000000, 0x00000000, 
	0x00000000, 0x00000000, 0x00000000, 0x0000001F, 0xFFFFFFFF, 0xFFFFFFFF, 0xFFFFFFFF, 0xFFFFFFFF, 0xFFFFFFFF, 0xFFFFFFFF, 0xFFFFFFFF, 0xFFFFFFFF, 0xFFFFFFFF, 0xFFFFFFFF, 0xFFFFFFFF, 0xFFFFFFFF, 0xE0000000, 0x00000000, 0x00000000, 0x00000000, 
	0x00000000, 0x00000000, 0x00000000, 0x0000001F, 0xFFFFE000, 0x00000000, 0x00000000, 0x00000000, 0x00000000, 0x00000000, 0x00000000, 0x00000000, 0x00000000, 0x00000000, 0x00000000, 0x00001FFF, 0xE0000000, 0x00000000, 0x00000000, 0x00000000, 
	0x00000000, 0x00000000, 0x00000000, 0x0000001F, 0xFFFFF800, 0x00000000, 0x00000000, 0x00000000, 0x00000000, 0x00000000, 0x00000000, 0x00000000, 0x00000000, 0x00000000, 0x00000000, 0x0000FFFF, 0xE0000000, 0x00000000, 0x00000000, 0x00000000, 
	0x00000000, 0x00000000, 0x00000000, 0x0000001F, 0xEFFFFF00, 0x00000000, 0x00000000, 0x00000000, 0x00000000, 0x00000000, 0x00000000, 0x00000000, 0x00000000, 0x00000000, 0x00000000, 0x0003FFFF, 0xE0000000, 0x00000000, 0x00000000, 0x00000000, 
	0x00000000, 0x00000000, 0x00000000, 0x0000001F, 0xE3FFFFC0, 0x00000000, 0x00000000, 0x00000000, 0x00000000, 0x00000000, 0x00000000, 0x00000000, 0x00000000, 0x00000000, 0x00000000, 0x000FFFFF, 0xE0000000, 0x00000000, 0x00000000, 0x00000000, 
	0x00000000, 0x00000000, 0x00000000, 0x0000001F, 0xE0FFFFF0, 0x00000000, 0x00000000, 0x00000000, 0x00000000, 0x00000000, 0x00000000, 0x00000000, 0x00000000, 0x00000000, 0x00000000, 0x003FFFFF, 0xE0000000, 0x00000000, 0x00000000, 0x00000000, 
	0x00000000, 0x00000000, 0x00000000, 0x0000001F, 0xE01FFFFC, 0x00000000, 0x00000000, 0x00000000, 0x00000000, 0x00000000, 0x00000000, 0x00000000, 0x00000000, 0x00000000, 0x00000000, 0x01FFFFFF, 0xE0000000, 0x00000000, 0x00000000, 0x00000000, 
	0x00000000, 0x00000000, 0x00000000, 0x0000001F, 0xE007FFFF, 0x80000000, 0x00000000, 0x00000000, 0x00000000, 0x00000000, 0x00000000, 0x00000000, 0x00000000, 0x00000000, 0x00000000, 0x07FFFF9F, 0xE0000000, 0x00000000, 0x00000000, 0x00000000, 
	0x00000000, 0x00000000, 0x00000000, 0x0000001F, 0xE001FFFF, 0xE0000000, 0x00000000, 0x00000000, 0x00000000, 0x00000000, 0x00000000, 0x00000000, 0x00000000, 0x00000000, 0x00000000, 0x1FFFFE1F, 0xE0000000, 0x00000000, 0x00000000, 0x00000000, 
	0x00000000, 0x00000000, 0x00000000, 0x0000001F, 0xE0007FFF, 0xF8000000, 0x00000000, 0x00000000, 0x00000000, 0x00000000, 0x00000000, 0x00000000, 0x00000000, 0x00000000, 0x00000000, 0xFFFFF01F, 0xE0000000, 0x00000000, 0x00000000, 0x00000000, 
	0x00000000, 0x00000000, 0x00000000, 0x0000001F, 0xE0000FFF, 0xFE000000, 0x00000000, 0x00000000, 0x00000000, 0x00000000, 0x00000000, 0x00000000, 0x00000000, 0x00000000, 0x00000003, 0xFFFFC01F, 0xE0000000, 0x00000000, 0x00000000, 0x00000000, 
	0x00000000, 0x00000000, 0x00000000, 0x0000001F, 0xE00003FF, 0xFF800000, 0x00000000, 0x00000000, 0x00000000, 0x00000000, 0x00000000, 0x00000000, 0x00000000, 0x00000000, 0x0000000F, 0xFFFF001F, 0xE0000000, 0x00000000, 0x00000000, 0x00000000, 
	0x00000000, 0x00000000, 0x00000000, 0x0000001F, 0xE00000FF, 0xFFF00000, 0x00000000, 0x00000000, 0x00000000, 0x00000000, 0x00000000, 0x00000000, 0x00000000, 0x00000000, 0x0000003F, 0xFFF8001F, 0xE0000000, 0x00000000, 0x00000000, 0x00000000, 
	0x00000000, 0x00000000, 0x00000000, 0x0000001F, 0xE000003F, 0xFFFC0000, 0x00000000, 0x00000000, 0x00000000, 0x00000000, 0x00000000, 0x00000000, 0x00000000, 0x00000000, 0x000001FF, 0xFFE0001F, 0xE0000000, 0x00000000, 0x00000000, 0x00000000, 
	0x00000000, 0x00000000, 0x00000000, 0x0000001F, 0xE000000F, 0xFFFF0000, 0x00000000, 0x00000000, 0x00000000, 0x00000000, 0x00000000, 0x00000000, 0x00000000, 0x00000000, 0x000007FF, 0xFF80001F, 0xE0000000, 0x00000000, 0x00000000, 0x00000000, 
	0x00000000, 0x00000000, 0x00000000, 0x0000001F, 0xE0000001, 0xFFFFC000, 0x00000000, 0x00000000, 0x00000000, 0x00000000, 0x00000000, 0x00000000, 0x00000000, 0x00000000, 0x00001FFF, 0xFE00001F, 0xE0000000, 0x00000000, 0x00000000, 0x00000000, 
	0x00000000, 0x00000000, 0x00000000, 0x0000001F, 0xE0000000, 0x7FFFF800, 0x00000000, 0x00000000, 0x00000000, 0x00000000, 0x00000000, 0x00000000, 0x00000000, 0x00000000, 0x00007FFF, 0xF000001F, 0xE0000000, 0x00000000, 0x00000000, 0x00000000, 
	0x00000000, 0x00000000, 0x00000000, 0x0000001F, 0xE0000000, 0x1FFFFE00, 0x00000000, 0x00000000, 0x00000000, 0x00000000, 0x00000000, 0x00000000, 0x00000000, 0x00000000, 0x0003FFFF, 0xC000001F, 0xE0000000, 0x00000000, 0x00000000, 0x00000000, 
	0x00000000, 0x00000000, 0x00000000, 0x0000001F, 0xE0000000, 0x07FFFF80, 0x00000000, 0x00000000, 0x00000000, 0x00000000, 0x00000000, 0x00000000, 0x00000000, 0x00000000, 0x000FFFFF, 0x0000001F, 0xE0000000, 0x00000000, 0x00000000, 0x00000000, 
	0x00000000, 0x00000000, 0x00000000, 0x0000001F, 0xE0000000, 0x00FFFFE0, 0x00000000, 0x00000000, 0x00000000, 0x00000000, 0x00000000, 0x00000000, 0x00000000, 0x00000000, 0x003FFFFC, 0x0000001F, 0xE0000000, 0x00000000, 0x00000000, 0x00000000, 
	0x00000000, 0x00000001, 0xFF000000, 0x0000001F, 0xE0000000, 0x003FFFFC, 0x00000000, 0x00000000, 0x00000000, 0x00000000, 0x00000000, 0x00000000, 0x00000000, 0x00000000, 0x01FFFFE0, 0x0000001F, 0xE0000000, 0x00000000, 0x00000000, 0x00000000, 
	0x00000000, 0x07C00003, 0xFFFC0000, 0x0000001F, 0xE0000000, 0x000FFFFF, 0x00000000, 0x00000000, 0x00000000, 0x00000000, 0x00000000, 0x00000000, 0x00000000, 0x00000000, 0x07FFFF80, 0x0000001F, 0xE0000000, 0x00000000, 0x00000000, 0x00000000, 
	0x00000000, 0x0FE00003, 0xFFFFF800, 0x0000001F, 0xE0000000, 0x0003FFFF, 0xF0000000, 0x00000000, 0x00000000, 0x00000000, 0x00000000, 0x00000000, 0x00000000, 0x00000000, 0x1FFFFE00, 0x0000001F, 0xE0000000, 0x00000000, 0x00000000, 0x00000000, 
	0x00000000, 0x0FE00003, 0xFFFFFE00, 0x0000001F, 0xE0000000, 0x00007FFF, 0xFC000000, 0x00000000, 0x00000000, 0x00000000, 0x00000000, 0x00000000, 0x00000000, 0x00000000, 0x7FFFF000, 0x0000001F, 0xE0000000, 0x00000000, 0x00000000, 0x00000000, 
	0x00000000, 0x1FE00003, 0xFFFFFF00, 0x0000001F, 0xE0000000, 0x00001FFF, 0xFF000000, 0x00000000, 0x00000000, 0x00000000, 0x00000000, 0x00000000, 0x00000000, 0x00000003, 0xFFFFC000, 0x0000001F, 0xE0000000, 0x00000000, 0x00000000, 0x00000000, 
	0x00000000, 0x1FE00003, 0xFFFFFF00, 0x0000001F, 0xE0000000, 0x000007FF, 0xFFC00000, 0x00000000, 0x00000000, 0x00000000, 0x00000000, 0x00000000, 0x00000000, 0x0000000F, 0xFFFF0000, 0x0000001F, 0xE0000000, 0x00000000, 0x00000000, 0x00000000, 
	0x00000000, 0x1FE00001, 0xFFFFFF00, 0x0000001F, 0xE0000000, 0x000001FF, 0xFFF00000, 0x00000000, 0x00000000, 0x00000000, 0x00000000, 0x00000000, 0x00000000, 0x0000003F, 0xFFFC0000, 0x0000001F, 0xE0000000, 0x00000000, 0x00000000, 0x00000000, 
	0x00000000, 0x3FE00000, 0x7FFFFF00, 0x0000001F, 0xE0000000, 0x0000003F, 0xFFFC0000, 0x00000000, 0x00000000, 0x00000000, 0x00000000, 0x00000000, 0x00000000, 0x000000FF, 0xFFE00000, 0x0000001F, 0xE0000000, 0x00000000, 0x00000000, 0x00000000, 
	0x00000000, 0x3FE00000, 0x01FFFF00, 0x0000001F, 0xE0000000, 0x0000000F, 0xFFFF0000, 0x00000000, 0x00000000, 0x00000000, 0x00000000, 0x00000000, 0x00000000, 0x000007FF, 0xFF800000, 0x0000001F, 0xE0000000, 0x00000000, 0x00000000, 0x00000000, 
	0x00000000, 0x3FC00000, 0x0003FE00, 0x0000001F, 0xE0000000, 0x00000003, 0xFFFF8000, 0x00000000, 0x00000000, 0x00000000, 0x00000000, 0x00000000, 0x00000000, 0x00001FFF, 0xFE000000, 0x0000001F, 0xE0000000, 0x00000000, 0x00000000, 0x00000000, 
	0x00000000, 0x7FC00000, 0x00000000, 0x0000001F, 0xE00001FF, 0xFFFFFFFE, 0x00007FFF, 0xFFFFEFFF, 0xFFFFFFFF, 0xF7FFFFFF, 0xFFFFFF7F, 0xFFFFDFFF, 0xFFFFFFFF, 0x00007FFF, 0xF8000000, 0x0000001F, 0xE0000000, 0x00000000, 0x00000000, 0x00000000, 
	0x00000000, 0x7FC00000, 0x00000000, 0x0000001F, 0xE00001FF, 0xFFFFFFFF, 0x00003FFF, 0xFFFFEFFF, 0xFFFFFFFF, 0xF7FFFFFF, 0xFFFFFF7F, 0xFFFFDFFF, 0xFFFFFFFF, 0x0003FFFF, 0xC0000000, 0x0000001F, 0xE0000000, 0x00000000, 0x00000000, 0x00000000, 
	0x00000000, 0x7F800000, 0x01F00000, 0x0000001F, 0xE00001FF, 0xFFFFFFFF, 0xE00003FF, 0xFFFFEFFF, 0xFFFFFFFF, 0xF7FFFFFF, 0xFFFFFF7F, 0xFFFFDFFF, 0xFFFFFFFF, 0x000FFFFF, 0x00000000, 0x0000001F, 0xE0000000, 0x00000000, 0x00000000, 0x00000000, 
	0x00000000, 0x7F800000, 0x03F80000, 0x0000001F, 0xE00001FF, 0xFFFFFFFF, 0xFF80001F, 0xFFFFEFFF, 0xFFFFFFFF, 0xF7FFFFFF, 0xFFFFFF7F, 0xFFFFDFFF, 0xFFFFFFFF, 0x003FFFFC, 0x00000000, 0x0000001F, 0xE0000000, 0x00000000, 0x00000000, 0x00000000, 
	0x00000000, 0xFF800000, 0x03F80000, 0x0000001F, 0xE00001FF, 0xFFFFFFFF, 0xFEC00001, 0xFFFFEFFF, 0xFFFFFFFF, 0xF7FFFFFF, 0xFFFFFF7F, 0xFFFFDFFF, 0xFFFFFFFF, 0x00FFFFE0, 0x00000000, 0x0000001F, 0xE0000000, 0x00000000, 0x00000000, 0x00000000, 
	0x00000000, 0xFF000000, 0x03FC0000, 0x0000001F, 0xE00001FF, 0xFFFFFFFF, 0xFEF80000, 0x7FFFEFFF, 0xFFFFFFFF, 0xF7FFFFFF, 0xFFFFFE7F, 0xFFFFDFFF, 0xFFFFFFFE, 0x07FFFF80, 0x00000000, 0x0000001F, 0xE0000000, 0x00000000, 0x00000000, 0x00000000, 
	0x00000000, 0xFF000000, 0x03FC0000, 0x0000001F, 0xE00001FF, 0xFFFFFFFF, 0xFEFE0000, 0x1FFFEFFF, 0xFFFFFFFF, 0xF7FFFFFF, 0xFFFFFE7F, 0xFFFFDFFF, 0xFFFFFFFE, 0x1FFFFE00, 0x00000000, 0x0000001F, 0xE0000000, 0x00000000, 0x00000000, 0x00000000, 
	0x00000001, 0xFF000000, 0x03FC0000, 0x0000001F, 0xE00001FF, 0xFFFFFFFF, 0xFEFF0000, 0x07FFEFFF, 0xFFFFFFFF, 0xF7FFFFFF, 0xFFFFFC7F, 0xFFFFDFFF, 0xFFFFFFFE, 0x7FFFF800, 0x00000000, 0x0000001F, 0xE0000000, 0x00000000, 0x00000000, 0x00000000, 
	0x00000001, 0xFE000000, 0x03FC0000, 0x0000001F, 0xE00001FF, 0xFFFFFFFF, 0xFEFFF000, 0x01FFEFFF, 0xFFFFFFFF, 0xF7FFFFFF, 0xFFFFFC7F, 0xFFFFDFFF, 0xFFFFFFFF, 0xFFFFC000, 0x00000000, 0x0000001F, 0xE0000000, 0x00000000, 0x00000000, 0x00000000, 
	0x00000001, 0xFE000000, 0x03FE0000, 0x0000001F, 0xE00001FF, 0xFFFFFFFF, 0xFEFFFC00, 0x003FEFFF, 0xFFFFFFFF, 0xF7FFFFFF, 0xFFFFF87F, 0xFFFFDFFF, 0xFFFFFFFF, 0xFFFF0000, 0x00000000, 0x0000001F, 0xE0000000, 0x00000000, 0x00000000, 0x00000000, 
	0x00000001, 0xFE000000, 0x01FE0000, 0x0000001F, 0xE00001FF, 0xFFFFFFFF, 0xFEFFFF00, 0x000FEFFF, 0xFFFFFFFF, 0xF7FFFFFF, 0xFFFFF87F, 0xFFFFDFFF, 0xFFFFFF81, 0xFFFC0000, 0x00000000, 0x0000001F, 0xE0000000, 0x00000000, 0x00000000, 0x00000000, 
	0x00000001, 0xFC03E000, 0x01FE0000, 0x0000001F, 0xE00001FF, 0xFFFFFFFF, 0xFEFFFFE0, 0x0003EFFF, 0xFFFFFFFF, 0xF7FFFFFF, 0xFFFFF87F, 0xFFFFDFFF, 0xFFFFFC01, 0xFFE00000, 0x00000000, 0x0000001F, 0xE0000000, 0x00000000, 0x00000000, 0x00000000, 
	0x00000001, 0xFC07F000, 0x01FE0000, 0x0000001F, 0xE00001FF, 0xFFFFFFFF, 0xFEFFFFF8, 0x0000EFFF, 0xFFFFFFFF, 0xF7FFFFFF, 0xFFFFF07F, 0xFFFFDFFF, 0xFFFFF001, 0xFF800000, 0x00000000, 0x0000001F, 0xE0000000, 0x00000000, 0x00000000, 0x00000000, 
	0x00000000, 0xF807F000, 0x01FE0000, 0x0000001F, 0xE00001FF, 0xFFFFFFFF, 0xFEFFFFFE, 0x00002FFF, 0xFFFFFFFF, 0xF7FFFFFF, 0xFFFFE07F, 0xFFFFDFFF, 0xFFFFC001, 0xFE000000, 0x00000000, 0x0000001F, 0xE0000000, 0x00000000, 0x00000000, 0x00000000, 
	0x00000000, 0x0007F800, 0x01FF0000, 0x0000001F, 0xE00001FF, 0xFFFFFFFF, 0xFEFFFFFF, 0x800007FF, 0xFFFFFFFF, 0xF7FFFFFF, 0xFFFFE07F, 0xFFFFDFFF, 0xFFFE0001, 0xF8000000, 0x00000000, 0x0000001F, 0xE0000000, 0x00000000, 0x00000000, 0x00000000, 
	0x00000000, 0x0007F800, 0x00FF0000, 0x0000001F, 0xE00001FF, 0xFFFFFFFF, 0xFEFFFFFF, 0xE00001FF, 0xFFFFFFFF, 0xF7FFFFFF, 0xFFFFC07F, 0xFFFFDFFF, 0xFFF80001, 0xC0000000, 0x00000000, 0x0000001F, 0xE0000000, 0x00000000, 0x00000000, 0x00000000, 
	0x00000000, 0x0007F800, 0x00FF0000, 0x0000001F, 0xE00001FF, 0xFFFFFFFF, 0xFEFFFFFF, 0xFC00007F, 0xFFFFFFFF, 0xF7FFFFFF, 0xFFFFC07F, 0xFFFFDFFF, 0xFFE00003, 0x00000000, 0x00000000, 0x0000001F, 0xE0000000, 0x00000000, 0x00000000, 0x00000000, 
	0x00000000, 0x0007F800, 0x00FF0000, 0x0000001F, 0xE00001FF, 0xFFFFFFFF, 0xFEFFFFFF, 0xFF00001F, 0xFFFFFFFF, 0xF7FFFFFF, 0xFFFFC07F, 0xFFFFDFFF, 0xFF80000C, 0x00000000, 0x00000000, 0x0000001F, 0xE0000000, 0x00000000, 0x00000000, 0x00000000, 
	0x00000000, 0x0007FC00, 0x00FF0000, 0x0000001F, 0xE00001FF, 0xFFFFFFFF, 0xFEFFFFFF, 0xFFC00003, 0xFFFFFFFF, 0xF7FFFFFF, 0xFFFF807F, 0xFFFFDFFF, 0xFC000038, 0x00000000, 0x00000000, 0x0000001F, 0xE0000000, 0x00000000, 0x00000000, 0x00000000, 
	0x00000000, 0x0003FC00, 0x007F0000, 0x0000001F, 0xE00001FF, 0xFFFFFFFF, 0xFEFFFFFF, 0xFFF00000, 0xFFFFFFFF, 0xF7FFFFFF, 0xFFFF007F, 0xFFFFDFFF, 0xF00003E0, 0x00000000, 0x00000000, 0x0000001F, 0xE0000000, 0x00000000, 0x00000000, 0x00000000, 
	0x00000000, 0x0003FC00, 0x007F0000, 0x0000001F, 0xE00001FF, 0xFFFFFFFF, 0xFEFFFFFF, 0xFFFC0000, 0x3FFFFFFF, 0xF7FFFFFF, 0xFFFF007F, 0xFFFFDFFF, 0xC0000E00, 0x00000000, 0x00000000, 0x0000001F, 0xE0000000, 0x00000000, 0x00000000, 0x00000000, 
	0x00000000, 0x0003FC00, 0x003E0000, 0x0000001F, 0xE00001FF, 0xFFFFFFFF, 0xFEFFFFFF, 0xFFFC0000, 0x0FFFFFFF, 0xF7FFFFFF, 0xFFFF007F, 0xFFFFDFFF, 0x00003800, 0x00000000, 0x00000000, 0x0000001F, 0xE0000000, 0x00000000, 0x00000000, 0x00000000, 
	0x00000000, 0x0003FC00, 0x00000000, 0x0000001F, 0xE00001FF, 0xFFFFFFFF, 0xFEFFFFFF, 0xFFFC0000, 0x03FFFFFF, 0xF7FFFFFF, 0xFFFE0000, 0x00001FF8, 0x0001E000, 0x00000000, 0x00000000, 0x0000001F, 0xE0000000, 0x00000000, 0x00000000, 0x00000000, 
	0x00000000, 0x0003FE00, 0x00000000, 0x0000001F, 0xE00001FF, 0xFFFFFFFF, 0xFEFFFFFF, 0xFFFC0800, 0x007FFFFF, 0xF7FFFFFF, 0xFFFE0000, 0x00001FE0, 0x00070000, 0x00000000, 0x00000000, 0x0000001F, 0xE0000000, 0x00000000, 0x00000000, 0x00000000, 
	0x00000000, 0x0001FE00, 0x00000000, 0x0000001F, 0xE00001FF, 0xFFFFFFFF, 0xFEFFFFFF, 0xFFF80E00, 0x001FFFFF, 0xF7FFFFFF, 0xFFFC0000, 0x00001F80, 0x000C0000, 0x00000000, 0x00000000, 0x0000001F, 0xE0000000, 0x00000000, 0x00000000, 0x00000000, 
	0x00000000, 0x0001FE00, 0x00000000, 0x0000001F, 0xE0000000, 0x1FFFFFFF, 0xFEFFFFFF, 0xFFF80FC0, 0x0007FFFF, 0xF7FFFFFF, 0xFFF80000, 0x00001E00, 0x00380000, 0x00000000, 0x00000000, 0x0000001F, 0xE0000000, 0x00000000, 0x00000000, 0x00000000, 
	0x00000000, 0x0001FE00, 0x00000000, 0x0000001F, 0xE0000000, 0x1FFFFFFF, 0xFEFFFFFF, 0xFFF00FF0, 0x0001FFFF, 0xF7FFFFFF, 0xFFF80000, 0x00001000, 0x00F00000, 0x00000000, 0x00000000, 0x0000001F, 0xE0000000, 0x00000000, 0x00000000, 0x00000000, 
	0x00000000, 0x0001FE00, 0x00000000, 0x0000001F, 0xE0000000, 0x1FFFFFFF, 0xFCFFFFFE, 0x000007FC, 0x00003FFF, 0xF7FFFFFF, 0xFFF80000, 0x00000000, 0x03F80000, 0x00000000, 0x00000000, 0x00F8001F, 0xE0000000, 0x00000000, 0x00000000, 0x00000000, 
	0x00000000, 0x0000FE00, 0x00000000, 0x0000001F, 0xE0000000, 0x1FFFFFC0, 0x00FFFFFE, 0x00000000, 0x00000F00, 0x07FFFFFF, 0xFFF0007F, 0xFFFF0000, 0x0FF80000, 0x00000000, 0x00000000, 0x01F8001F, 0xE0000000, 0x00000000, 0x00000000, 0x00000000, 
	0x00000000, 0x0000FE00, 0x00000000, 0x0000001F, 0xE0000000, 0x1FFFFFC0, 0x00FFFFFE, 0x00000000, 0x00000300, 0x07FFFFFF, 0xFFF0007F, 0xFFFC0000, 0x7FFC0000, 0x00000000, 0x00600000, 0x01FC001F, 0xE0000000, 0x00000000, 0x00000000, 0x00000000, 
	0x00000000, 0x00007C00, 0x00000000, 0x0000001F, 0xE0000000, 0x1FFFFFC0, 0x00FFFFFE, 0x00000000, 0x38000000, 0x07FFFFFF, 0xFFF0007F, 0xFFE00001, 0xFFFE0000, 0x00000000, 0x01E00000, 0x03FC001F, 0xE0000000, 0x00000000, 0x00000000, 0x00000000, 
	0x00000000, 0x00000000, 0x00000000, 0x0000001F, 0xE0000000, 0x1FFFFFC0, 0x00FFFFFE, 0x00000000, 0x3E000000, 0x07FFFFFF, 0xFFE0007F, 0xFF800007, 0xFFFE0000, 0x00000000, 0x03E00000, 0x03FC001F, 0xE0000000, 0x00000000, 0x00000000, 0x00000000, 
	0x00000000, 0x00000000, 0x00000000, 0x0000001F, 0xE0000000, 0x1FFFFFC0, 0x00FFFFFF, 0xFFFF0000, 0x3F800000, 0x07FFFFFF, 0xFFE0007F, 0xFE00001F, 0xFFFE0000, 0x00000000, 0x07F80000, 0x03FC001F, 0xE0000000, 0x00000000, 0x00000000, 0x00000000, 
	0x00000000, 0x00000000, 0x00000000, 0x0000001F, 0xE0000000, 0x1FFFFFC0, 0x00FFFFFF, 0xFFFF0000, 0x3FE00000, 0x07FFFFFF, 0xFFFF007F, 0xF80000FF, 0xFFFF0000, 0x00000000, 0x07F80000, 0x03FC001F, 0xE0000000, 0x00000000, 0x00000000, 0x00000000, 
	0x00000000, 0x00000000, 0x00000000, 0x0000001F, 0xE0000000, 0x1FFFFFC0, 0x00FFFFFF, 0xFFFF0000, 0x3FF80000, 0x07FFFFFF, 0xFFFFC07F, 0xC00003FF, 0xFFFF0000, 0x00000000, 0x07F80000, 0x07F8001F, 0xE0000000, 0x00000000, 0x00000000, 0x00000000, 
	0x00000000, 0x00000000, 0x00000000, 0x0000001F, 0xE0000000, 0x1FFFFFC0, 0x00FFFFFF, 0xFFFF0000, 0x3FFF0000, 0x07FFFFFF, 0xFFFFC07F, 0x00000FFF, 0xFFFF8000, 0x00000000, 0x07F80000, 0x07F8001F, 0xE0000000, 0x00000000, 0x00000000, 0x00000000, 
	0x00000000, 0x00000000, 0x00000000, 0x0000001F, 0xE0000000, 0x1FFFFFC0, 0x00FFFFFF, 0xFFFE0000, 0x3FFFC000, 0x07FFFFFF, 0xFFFFC07C, 0x000067FF, 0xFFFF8000, 0x00000000, 0x07F80000, 0x07F8001F, 0xE0000000, 0x00000000, 0x00000000, 0x00000000, 
	0x00000000, 0x00000000, 0x00000000, 0x0000001F, 0xE0000000, 0x1FFFFFC0, 0x00FFFFFF, 0xFFFE0000, 0x3FFFF000, 0x00FFFFFF, 0xFFFFE060, 0x0001E3FF, 0xFFFF8000, 0x00000000, 0x07F00000, 0x07F8001F, 0xE0000000, 0x00000000, 0x00000000, 0x00000000, 
	0x00000000, 0x00000000, 0x00000FF0, 0x0000001F, 0xE0000000, 0x1FFFFFC0, 0x00FFFFFF, 0xFFFE0000, 0x3FFFFC00, 0x003FFFFF, 0xFFFFE000, 0x0007E1FF, 0xFFFFC000, 0x00000000, 0x07F00000, 0x07F8001F, 0xE0000000, 0x00000000, 0x00000000, 0x00000000, 
	0x00000000, 0x00000000, 0x0001FFFF, 0x0000001F, 0xE0000000, 0x1FFFFFC0, 0x00FFFFFF, 0xFFFC0000, 0x3FFFFF00, 0x000FFFFF, 0xFFFFF000, 0x001FE1FF, 0xFFFFC000, 0x00000000, 0x1FF00000, 0x0FF8001F, 0xE0000000, 0x00000000, 0x00000000, 0x00000000, 
	0x00000000, 0x00000000, 0x001FFFFF, 0xE000001F, 0xE0000000, 0x1FFFFFC0, 0x00FFFFFF, 0xFFF80000, 0x3FFFFF00, 0x0003FFFF, 0xFFFFF000, 0x00FFE1FF, 0xFFFFE000, 0x00000000, 0x1FF00000, 0x0FF0001F, 0xE0000000, 0x00000000, 0x00000000, 0x00000000, 
	0x00000000, 0x00000000, 0x007FFFFF, 0xF800001F, 0xE0000000, 0x1FFFFFC0, 0x00FFFFFF, 0xFFF80000, 0x3FFFFF00, 0x00007FFF, 0xFFFFC000, 0x03FFE1FF, 0xFFFFE000, 0x00000000, 0x1FF00000, 0x0FF0001F, 0xE0000000, 0x00000000, 0x00000000, 0x00000000, 
	0x00000000, 0x00000000, 0x01FFFFFF, 0xFE00001F, 0xE0000000, 0x1FFFFFC0, 0x00FFFFFF, 0xFFF00000, 0x3FFFFF00, 0x00001FFF, 0xFFFF0000, 0x0FFFE0FF, 0xFFFFE000, 0x00000000, 0x1FF00000, 0x0FF0001F, 0xE0000000, 0x00000000, 0x00000000, 0x00000000, 
	0x00000000, 0x00000000, 0x07FFFFFF, 0xFF00001F, 0xE0000000, 0x1FFFFFC0, 0x00FFFFFF, 0xFFF00000, 0x3FFFFF00, 0x000007FF, 0xFFFC0000, 0x3FFFE07F, 0xFFFFF000, 0x00000000, 0x1FE00000, 0x0FF0001F, 0xE0000000, 0x00000000, 0x00000000, 0x00000000, 
	0x00000000, 0x00000000, 0x1FFFFFFF, 0xFF80001F, 0xE0000000, 0x1FFFFFC0, 0x00FFFFFF, 0xFFE00000, 0x3FFFFF00, 0x000001FF, 0xFFF00001, 0xFFFFE07F, 0xFFFFF000, 0x00000000, 0x1FE00000, 0x1FF0001F, 0xE0000000, 0x00000000, 0x00000000, 0x00000000, 
	0x00000000, 0x00000000, 0x7FFFFFFF, 0xFFE0001F, 0xE0000000, 0x1FFFFFC0, 0x00FFFFFF, 0xFFE00000, 0x3FFFFF00, 0x0400007F, 0xFF800007, 0xFFFFE07F, 0xFFFFF800, 0x00000000, 0x1FE00000, 0x1FF0001F, 0xE0000000, 0x00000000, 0x00000000, 0x00000000, 
	0x00000000, 0x00000000, 0xFFFFF01F, 0xFFF0001F, 0xE0000000, 0x1FFFFFC0, 0x00FFFFFF, 0xFFC00000, 0x3FFFFF00, 0x0700000F, 0xFE00001F, 0xFFFFE07F, 0xFFFFF800, 0x00000000, 0x3FE00000, 0x1FF0001F, 0xE0000000, 0x00000000, 0x00000000, 0x00000000, 
	0x00000000, 0x00000003, 0xFFFE0001, 0xFFF8001F, 0xE0000000, 0x1FFFFFC0, 0x00FFFFFF, 0xFFC00000, 0x3FFFFF00, 0x07C00003, 0xF800007F, 0xFFFFE07F, 0xFFFFF800, 0x00000000, 0x7FE00000, 0x1FE0001F, 0xE0000000, 0x00000000, 0x00000000, 0x00000000, 
	0x00000000, 0x00000007, 0xFFF80000, 0x7FFC001F, 0xE0000000, 0x1FFFFFC0, 0x00FFFFFF, 0xFF800000, 0x3FFFFF00, 0x07F80000, 0xE000037F, 0xFFFFE03F, 0xFFFFFC00, 0x00000000, 0x7FE00000, 0x1FE0001F, 0xE0000000, 0x00000000, 0x00000000, 0x00000000, 
	0x00000000, 0x0000000F, 0xFFC00000, 0x1FFE001F, 0xE0000000, 0x1FFFFFC0, 0x00FFFFFF, 0xFF800000, 0x3FFFFF00, 0x07FE0000, 0x00000F7F, 0xFFFFE03F, 0xFFFFFE00, 0x00000000, 0x7FE00000, 0x3FE0001F, 0xE0000000, 0x00000000, 0x00000000, 0x00000000, 
	0x00000000, 0x0000003F, 0xFF000000, 0x0FFE001F, 0xE0000000, 0x1FFFFFC0, 0x00FFFFFF, 0xFF000000, 0x3FFFFF00, 0x07FF8000, 0x00003F7F, 0xFFFFE01F, 0xFFFFFE00, 0x00000000, 0x7FC00000, 0x3FE0001F, 0xE0000000, 0x00000000, 0x00000000, 0x00000000, 
	0x00000000, 0x0000007F, 0xFE000000, 0x07FE001F, 0xE0000000, 0x1FFFFFC0, 0x00FFFFFF, 0xFF000000, 0x3FFFFF00, 0x07FFE000, 0x0000FF7F, 0xFFFFE01F, 0xFFFFFE00, 0x00000000, 0x7FC00000, 0x3FE0001F, 0xE0000000, 0x00000000, 0x00000000, 0x00000000, 
	0x00000000, 0x000000FF, 0xF8000000, 0x03FE001F, 0xE0000000, 0x1FFFFFC0, 0x00FFFFFF, 0xFF000000, 0x3FFFFF00, 0x07FFF800, 0x0007FF7F, 0xFFFFE01F, 0xFFFFFE00, 0x00000000, 0x7FC00000, 0x3FE0001F, 0xE0000000, 0x00000000, 0x00000000, 0x00000000, 
	0x00000000, 0x000001FF, 0xF0000000, 0x01FE001F, 0xE0000000, 0x1FFFFFC0, 0x00FFFFFF, 0xFE000000, 0x3FFFFF00, 0x07FFFE00, 0x001FFF7F, 0xFFFFE00F, 0xFFFFFE00, 0x00000000, 0x7FC00000, 0x3FE0001F, 0xE0000000, 0x00000000, 0x00000000, 0x00000000, 
	0x00000000, 0x000003FF, 0xC0000000, 0x00FE001F, 0xE0000000, 0x1FFFFFC0, 0x00FFFFFC, 0x00000000, 0x3FFFFF00, 0x07FFF800, 0x0007FF7F, 0xFFFFE00F, 0xFFFFFF00, 0x00000000, 0xFFC00000, 0x7FC0001F, 0xE0000000, 0x00000000, 0x00000000, 0x00000000, 
	0x00000000, 0x000007FF, 0x80000000, 0x0038001F, 0xE0000000, 0x1FFFFFC0, 0x00FFFFFC, 0x00000000, 0x3FFFFF00, 0x07FFE000, 0x0000FF7F, 0xFFFFE007, 0xFFFFFF80, 0x00000001, 0xFF800000, 0x7FC0001F, 0xE0000000, 0x00000000, 0x00000000, 0x00000000, 
	0x00000000, 0x00001FFF, 0x00000000, 0x0000001F, 0xE0000000, 0x1FFFFFC0, 0x00FFFFFC, 0x00000000, 0x3FFFFF00, 0x07FF8000, 0x00003F7F, 0xFFFFE003, 0xFFFFFF80, 0x00000001, 0xFF80003F, 0xFFC0001F, 0xE0000000, 0x00000000, 0x00000000, 0x00000000, 
	0x00000000, 0x00003FFC, 0x00000000, 0x0000001F, 0xE0000000, 0x1FFFFFC0, 0x00FFFFFC, 0x00000000, 0x3FFFFF00, 0x07FC0000, 0x00000F7F, 0xFFFFE003, 0xFFFFFF80, 0x00000001, 0xFF80003F, 0xFFC0001F, 0xE0000000, 0x00000000, 0x00000000, 0x00000000, 
	0x00000000, 0x00007FF8, 0x00000000, 0x0000001F, 0xE0000000, 0x1FFFFFC0, 0x00FFFFFC, 0x00000000, 0x3FFFFF00, 0x07F00000, 0xE000037F, 0xFFFFE001, 0xFFFFFFC0, 0x00000001, 0xFF800FFF, 0xFFC0001F, 0xE0000000, 0x00000000, 0x00000000, 0x00000000, 
	0x00000000, 0x0000FFF0, 0x00000000, 0x0000001F, 0xE0000000, 0x1FFFFFC0, 0x00FFFFFC, 0x00000000, 0x3FFFFF00, 0x07C00004, 0x3800007F, 0xFFFFE001, 0xFFFFFFE0, 0x00000001, 0xFF80FFFF, 0xFFC0001F, 0xE0000000, 0x00000000, 0x00000000, 0x00000000, 
	0x00000000, 0x0000FFE0, 0x00000000, 0x0000001F, 0xE0000000, 0x1FFFFFC0, 0x00FFFFFC, 0x00000000, 0x3FFFFF00, 0x06000010, 0x3E00001F, 0xFFFFE001, 0xFFFFFFE0, 0x00000001, 0xFF9FFFFF, 0xFF80001F, 0xE0000000, 0x00000000, 0x00000000, 0x00000000, 
	0x00000000, 0x0001FFC0, 0x00000000, 0x0000001F, 0xE0000000, 0x1FFFFFC0, 0x00FFFFFC, 0x00000000, 0x3FFFFF00, 0x00000070, 0x1F800007, 0xFFFFE000, 0xFFFFFFE0, 0x00000001, 0xFFFFFFFF, 0xFF80001F, 0xE0000000, 0x00000000, 0x00000000, 0x00000000, 
	0x00000000, 0x0003FF80, 0x00000000, 0x0000001F, 0xE0000000, 0x1FFFFFC0, 0x00FFFFFC, 0x00000000, 0x3FFFFF00, 0x000001F0, 0x1FF00001, 0xFFFFE000, 0xFFFFFFE0, 0x00000001, 0xFFFFFFFF, 0xFF80001F, 0xE0000000, 0x00000000, 0x00000000, 0x00000000, 
	0x00000000, 0x0007FF00, 0x00000000, 0x0000001F, 0xE0000000, 0x1FFFFFC0, 0x00FFFFFC, 0x00000000, 0x3FFFFF00, 0x00000FF0, 0x1FFC0000, 0x7FFFE000, 0xFFFFFFF0, 0x00000001, 0xFFFFFFFF, 0xFF80001F, 0xE0000000, 0x00000000, 0x00000000, 0x00000000, 
	0x00000000, 0x000FFE00, 0x00000000, 0x0000001F, 0xE0000000, 0x1FFFFFC0, 0x00FFFFFC, 0x00000000, 0x3FFFFF00, 0x00003FF0, 0x0FFF0000, 0x0FFFE000, 0x7FFFFFF8, 0x00000007, 0xFFFFFFFF, 0xFF80001F, 0xE0000000, 0x00000000, 0x00000000, 0x00000000, 
	0x00000000, 0x001FFC00, 0x00000000, 0x0000001F, 0xE0000000, 0x1FFFFFC0, 0x00FFFFFC, 0x00000000, 0x3FFFFF00, 0x0000FFF0, 0x07FFC000, 0x03FFE000, 0x7FFFFFF8, 0x00000007, 0xFFFFFFFF, 0xFF80001F, 0xE0000000, 0x00000000, 0x00000000, 0x00000000, 
	0x00000000, 0x003FF800, 0x00000000, 0x0000001F, 0xE0000000, 0x1FFFFFC0, 0x00FFFFFC, 0x00000000, 0x3FFFFF00, 0x0003FFF0, 0x07FFF000, 0x00FFE000, 0x3FFFFFF8, 0x00000007, 0xFFFFFFFF, 0xFF80001F, 0xE0000000, 0x00000000, 0x00000000, 0x00000000, 
	0x00000000, 0x003FF000, 0x00000000, 0x0000001F, 0xE0000000, 0x1FFFFFC0, 0x00FFFFFC, 0x00000000, 0x3FFFFF00, 0x001FFFF0, 0x07FFFE00, 0x003FE000, 0x3FFFFFF8, 0x00000007, 0xFFFFFFFF, 0xFF00001F, 0xE0000000, 0x00000000, 0x00000000, 0x00000000, 
	0x00000000, 0x007FE000, 0x00000000, 0x0000001F, 0xE0000000, 0x1FFFFFC0, 0x00FFFFFC, 0x00000000, 0x3FFFF800, 0x007FFFF0, 0x03FFFF00, 0x000FE000, 0x3FFFFFF8, 0x00000007, 0xFFFFFFFF, 0xFF00001F, 0xE0000000, 0x00000000, 0x00000000, 0x00000000, 
	0x00000000, 0x00FFC000, 0x00000000, 0x0000001F, 0xE0000000, 0x1FFFFFC0, 0x00FFFFFC, 0x00000000, 0x3FFFE000, 0x01FFFFF0, 0x03FFFF60, 0x0001E000, 0x1FFFFFFE, 0x01FFFF07, 0xFFFFFFE1, 0xFF00001F, 0xE0000000, 0x00000000, 0x00000000, 0x00000000, 
	0x00000000, 0x01FF8000, 0x00000000, 0x0000001F, 0xE0000000, 0x1FFFFFC0, 0x00FFFFFC, 0x00000000, 0x3FFF8000, 0x07FFFFF0, 0x01FFFF78, 0x00006000, 0x1FFFFFFE, 0x07FFFF87, 0xFFFFFC01, 0xFF00001F, 0xE0000000, 0x00000000, 0x00000000, 0x00000000, 
	0x00000000, 0x03FF8000, 0x00000000, 0x0000001F, 0xE0000000, 0x1FFFFFC0, 0x00FFFFFC, 0x00000000, 0x3FFE0000, 0x07FFFFF0, 0x01FFFF7F, 0x00000000, 0x0FFFFFFE, 0x07FFFF87, 0xFFFF8003, 0xFF00001F, 0xE0000000, 0x00000000, 0x00000000, 0x00000000, 
	0x00000000, 0x03FF0000, 0x00000000, 0x0000001F, 0xE0000000, 0x1FFFFFC0, 0x00FFFFFC, 0x00000000, 0x3FF00000, 0x07FFFFF0, 0x01FFFF7F, 0xC0000000, 0x0FFFFFFE, 0x07FFFF87, 0xFFFF8003, 0xFF00001F, 0xE0000000, 0x00000000, 0x00000000, 0x00000000, 
	0x00000000, 0x03FE0000, 0x00000000, 0x0000001F, 0xE0000000, 0x1FFFFFC0, 0x00FFFFFC, 0x00000000, 0x3FC00000, 0x07FFFFF0, 0x00FFFF7F, 0xF0000000, 0x0FFFFFFF, 0x07FFFF07, 0xFFC00003, 0xFF00001F, 0xE0000000, 0x00000000, 0x00000000, 0x00000000, 
	0x00000000, 0x03FC0000, 0x00000000, 0x0000001F, 0xE0000000, 0x1FFFFFC0, 0x00FFFFFC, 0x00000000, 0x3F000000, 0x07FFFFF0, 0x00FFFF7F, 0xFC000000, 0x07FFFFFF, 0x07FFFE07, 0xFC000003, 0xFE00001F, 0xE0000000, 0x00000000, 0x00000000, 0x00000000, 
	0x00000000, 0x03F80000, 0x00000000, 0x0000001F, 0xE0000000, 0x1FFFFFC0, 0x00FFFFFC, 0x00000000, 0x3C000000, 0x07FFFFF0, 0x00FFFF7F, 0xFF000000, 0x03FFFFFF, 0x8000000F, 0xFC000003, 0xFE00001F, 0xE0000000, 0x00000000, 0x00000000, 0x00000000, 
	0x00000000, 0x03F80000, 0x00000000, 0x0000001F, 0xE0000000, 0x1FFFFFC0, 0x00FFFFFC, 0x00000000, 0x20000100, 0x07FFFFF0, 0x007FFF7F, 0xFFE00000, 0x03FFFFFF, 0x8000000F, 0xFC000003, 0xFE00001F, 0xE0000000, 0x00000000, 0x00000000, 0x00000000, 
	0x00000000, 0x00F00000, 0x00000000, 0x0000001F, 0xE0000000, 0x1FFFFFC0, 0x00FFFFFC, 0x00000000, 0x00000700, 0x07FFFFF0, 0x007FFF7F, 0xFFF80000, 0x03FFFFFF, 0x8000000F, 0xFC000003, 0xFE00001F, 0xE0000000, 0x00000000, 0x00000000, 0x00000000, 
	0x00000000, 0x00000000, 0x00000000, 0x0000001F, 0xE0000000, 0x1FFFFFC0, 0x00FFFFFC, 0x00000000, 0x00001F00, 0x07FFFFF0, 0x007FFF7F, 0xFFFE0000, 0x01FFFFFF, 0xC000000F, 0xFC000003, 0xFE00001F, 0xE0000000, 0x00000000, 0x00000000, 0x00000000, 
	0x00000000, 0x00000000, 0x00000000, 0x0000001F, 0xE0000000, 0x1FFFFFC0, 0x00FFFFFC, 0x00000000, 0x0000FF00, 0x07FFFFF0, 0x007FFF7F, 0xFFFF8000, 0x01FFFFFF, 0xC000000F, 0xF8000007, 0xFE00001F, 0xE0000000, 0x00000000, 0x00000000, 0x00000000, 
	0x00000000, 0x00000000, 0x00000000, 0x0000001F, 0xE0000000, 0x1FFFFFC0, 0x00FFFFFC, 0x00000000, 0x0003FF00, 0x07FFFFF0, 0x003FFF7F, 0xFFFFE000, 0x00FFFFFF, 0xC000000F, 0xF8000007, 0xFE00001F, 0xE0000000, 0x00000000, 0x00000000, 0x00000000, 
	0x00000000, 0x00000000, 0x00000000, 0x0000001F, 0xE0000000, 0x1FFFFFC0, 0x00FFFFFC, 0x00000000, 0x000FFF00, 0x07FFFFF0, 0x003FFF7F, 0xFFFFE000, 0x007FFFFF, 0xC000000F, 0xF8000007, 0xFC00001F, 0xE0000000, 0x00000000, 0x00000000, 0x00000000, 
	0x00000000, 0x00000000, 0x00000000, 0x0000001F, 0xE0000000, 0x1FFFFFC0, 0x00FFFFFC, 0x00000000, 0x007FFF00, 0x07FFFFF0, 0x003FFF7F, 0xFFFFE000, 0x001FFFFF, 0xC000000F, 0xF8000007, 0xFC00001F, 0xE0000000, 0x00000000, 0x00000000, 0x00000000, 
	0x00000000, 0x00000000, 0x00000000, 0x0000001F, 0xE0000000, 0x1FFFFFC0, 0x00FFFFFC, 0x00000000, 0x01FFFF00, 0x07FFFFF0, 0x001FFF7F, 0xFFFFE000, 0x0003FFFF, 0xC000001F, 0xF8000007, 0xFC00001F, 0xE0000000, 0x00000000, 0x00000000, 0x00000000, 
	0x00000000, 0x00000000, 0x00000000, 0x0000001F, 0xE0000000, 0x1FFFFFC0, 0x00FFFFFC, 0x00000000, 0x07FFFF00, 0x07FFFFF0, 0x001FFF7F, 0xFFFFEFF0, 0x0000FFFF, 0xC000001F, 0xF8000003, 0xFC00001F, 0xE0000000, 0x00000000, 0x00000000, 0x00000000, 
	0x00000000, 0x00000000, 0x00000000, 0x0000001F, 0xE0000000, 0x1FFFFFC0, 0x00FFFFFF, 0xFFFE0000, 0x1FFFFF00, 0x07FFFFF0, 0x000FFF7F, 0xFFFFEFFE, 0x00003FFF, 0xC000001F, 0xF8000003, 0xFC00001F, 0xE0000000, 0x00000000, 0x00000000, 0x00000000, 
	0x00000000, 0x00000000, 0x00000000, 0x0000001F, 0xE0000000, 0x1FFFFFC0, 0x00FFFFFF, 0xFFF80000, 0x3FFFFF00, 0x07FFFFF0, 0x000FFF7F, 0xFFFFEFFF, 0x80000FFF, 0xC000001F, 0xF8000003, 0xFC00001F, 0xE0000000, 0x00000000, 0x00000000, 0x00000000, 
	0x00000000, 0x00000000, 0x00000000, 0x0000001F, 0xE0000000, 0x1FFFFFC0, 0x00FFFFFF, 0xFFC00000, 0x3FFFFF00, 0x07FFFFF0, 0x000FFF7F, 0xFFFFEFFF, 0xE00003FF, 0xC000001F, 0xF8000003, 0xFC00001F, 0xE0000000, 0x00000000, 0x00000000, 0x00000000, 
	0x00000000, 0x00000000, 0x00000000, 0x0000001F, 0xE0000000, 0x1FFFFFC0, 0x00FFFFFF, 0xFF000000, 0x3FFFFF00, 0x07FFFFF0, 0x0007FF7F, 0xFFFFEFFF, 0xF800007F, 0xC000001F, 0xF0000003, 0xF800001F, 0xE0000000, 0x00000000, 0x00000000, 0x00000000, 
	0x00000000, 0x00000000, 0x00000000, 0x0000001F, 0xE0000000, 0x1FFFFFC0, 0x00FFFFFF, 0xFC000000, 0x3FFFFF00, 0x07FFFFF0, 0x0007FF7F, 0xFFFFEFFF, 0xFE00001F, 0xC000003F, 0xE0000003, 0xF800001F, 0xE0000000, 0x00000000, 0x00000000, 0x00000000, 
	0x00000000, 0x00000000, 0x00000000, 0x0000001F, 0xE0000000, 0x1FFFFFC0, 0x00FFFFFF, 0xF00001C0, 0x3FFFFF00, 0x07FFFFF0, 0x0003FF7F, 0xFFFFEFFF, 0xFFC00007, 0xC000003F, 0xE0000003, 0xF800001F, 0xE0000000, 0x00000000, 0x00000000, 0x00000000, 
	0x00000000, 0x00000000, 0x00000000, 0x0000001F, 0xE0000000, 0x1FFFFFC0, 0x00FFFFFF, 0x800007C0, 0x3FFFFF00, 0x07FFFFF0, 0x0003FF7F, 0xFFFFEFFF, 0xFFF00001, 0xC000003F, 0xE0000003, 0xF800001F, 0xE0000000, 0x00000000, 0x00000000, 0x00000000, 
	0x00000000, 0x00000000, 0x00000000, 0x0000001F, 0xE0000000, 0x1FFFFFC0, 0x00FFFFFE, 0x00001FC0, 0x3FFFFF00, 0x07FFFFF0, 0x0003FF7F, 0xFFFFEFFF, 0xFFFC0000, 0x4000003F, 0xE0000001, 0xF800001F, 0xE0000000, 0x00000000, 0x00000000, 0x00000000, 
	0x00000000, 0x00000000, 0x00000000, 0x0000001F, 0xE0000000, 0x1FFFFFC0, 0x00FFFFF8, 0x00007FE0, 0x3FFFFF00, 0x07FFFFF0, 0x0001FF7F, 0xFFFFEFFF, 0xFFFF0000, 0x3800003F, 0xE0000000, 0xF000001F, 0xE0000000, 0x00000000, 0x00000000, 0x00000000, 
	0x00000000, 0x00000000, 0x00000000, 0x0000001F, 0xE0000000, 0x1FFFFFC0, 0x00FFFFE0, 0x0003FFE0, 0x3FFFFF00, 0x07FFFFF0, 0x0001FF7F, 0xFFFFEFFF, 0xFFFFC000, 0x3E00003F, 0xE0000000, 0x0000001F, 0xE0000000, 0x00000000, 0x00000000, 0x00000000, 
	0x00000000, 0x00000000, 0x00000000, 0x0000001F, 0xE0000000, 0x1FFFFFC0, 0x00FFFF00, 0x000FFFF0, 0x3FFFFF00, 0x07FFFFF0, 0x0000FF7F, 0xFFFFEFFF, 0xFFFFF800, 0x3F80003F, 0xE0000000, 0x0000001F, 0xE0000000, 0x00000000, 0x00000000, 0x00000000, 
	0x00000000, 0x00000000, 0x00000000, 0x0000001F, 0xE0000000, 0x1FFFFFC0, 0x00FFFC00, 0x003FFFF0, 0x3FFFFF00, 0x07FFFFF0, 0x0000FF7F, 0xFFFFEFFF, 0xFFFFFE00, 0x3FE0000F, 0xC0000000, 0x0000001F, 0xE0000000, 0x00000000, 0x00000000, 0x00000000, 
	0x00000000, 0x00000000, 0x00000000, 0x0000001F, 0xE0000000, 0x1FFFFFC0, 0x00FFF000, 0x00FFFFF0, 0x3FFFFF00, 0x07FFFFF0, 0x0000FF7F, 0xFFFFEFFF, 0xFFFFFF80, 0x3FFC000F, 0x80000000, 0x0000001F, 0xE0000000, 0x00000000, 0x00000000, 0x00000000, 
	0x00000000, 0x00000000, 0x00000000, 0x0000001F, 0xE0000000, 0x1FFFFFC0, 0x00FFC000, 0x07FFFFF8, 0x3FFFFF00, 0x07FFFFF0, 0x00007F7F, 0xFFFFEFFF, 0xFFFFFFE0, 0x3FFF000F, 0x80000000, 0x0000001F, 0xE0000000, 0x00000000, 0x00000000, 0x00000000, 
	0x00000000, 0x00000000, 0x00000000, 0x0000001F, 0xE0000000, 0x1FFFFFC0, 0x00FE0000, 0x1FFFFFF8, 0x3FFFFF00, 0x07FFFFF0, 0x00007F7F, 0xFFFFEFFF, 0xFFFFFFFF, 0xFFFFC000, 0x00000000, 0x0000001F, 0xE0000000, 0x00000000, 0x00000000, 0x00000000, 
	0x00000000, 0x00000000, 0x00000000, 0x0000001F, 0xE0000000, 0x1FFFFFC0, 0x00F80000, 0x7FFFFFFC, 0x3FFFFF00, 0x07FFFFF0, 0x00003F7F, 0xFFFFEFFF, 0xFFFFFFFF, 0xFFFFF000, 0x00000000, 0x0000001F, 0xE0000000, 0x00000000, 0x00000000, 0x00000000, 
	0x00000000, 0x00000000, 0x00000000, 0x0000001F, 0xE0000000, 0x1FFFFFC0, 0x00E00001, 0xFFFFFFFE, 0x3FFFFF00, 0x07FFFFF0, 0x00003F7F, 0xFFFFEFFF, 0xFFFFFFFF, 0xDFFFFE00, 0x00000000, 0x0000001F, 0xE0000000, 0x00000000, 0x00000000, 0x00000000, 
	0x00000000, 0x00000000, 0x00000000, 0x0000001F, 0xE0000000, 0x1FFFFFC0, 0x0080000F, 0xFFFFFFFE, 0x3FFFFF00, 0x07FFFFF0, 0x00003F7F, 0xFFFFEFFF, 0xFFFFFFFF, 0xC7FFFF80, 0x00000000, 0x0000001F, 0xE0000000, 0x00000000, 0x00000000, 0x00000000, 
	0x00000000, 0x00000000, 0x00000000, 0x0000001F, 0xE0000000, 0x1FFFFFC0, 0x0300003F, 0xFFFFFFFE, 0x3FFFFF00, 0x07FFFFF0, 0x00001F7F, 0xFFFFEFFF, 0xFFFFFFFF, 0xC1FFFFE0, 0x00000000, 0x0000001F, 0xE0000000, 0x00000000, 0x00000000, 0x00000000, 
	0x00000000, 0x00000000, 0x00000000, 0x0000001F, 0xE0000000, 0x1FFFFFC0, 0x0F0000FF, 0xFFFFFFFF, 0x3FFFFF00, 0x07FFFFF0, 0x00001F7F, 0xFFFFEFFF, 0xFFFFFFFF, 0xC03FFFF8, 0x00000000, 0x0000001F, 0xE0000000, 0x00000000, 0x00000000, 0x00000000, 
	0x00000000, 0x00000000, 0x00000000, 0x0000001F, 0xE0000000, 0x1FFFFFC0, 0x3F0007FF, 0xFFFFFFFF, 0xBFFFFF00, 0x07FFFFF0, 0x00000F7F, 0xFFFFEFFF, 0xFFFFFFFF, 0xC00FFFFF, 0x00000000, 0x0000001F, 0xE0000000, 0x00000000, 0x00000000, 0x00000000, 
	0x00000000, 0x00000000, 0x00000000, 0x0000001F, 0xE0000000, 0x1FFFFFC0, 0xFF001FFF, 0xFFFFFFFF, 0xFFFFFF00, 0x07FFFFF0, 0x00000F7F, 0xFFFFEFFF, 0xFFFFFFFF, 0xC003FFFF, 0xC0000000, 0x0000001F, 0xE0000000, 0x00000000, 0x00000000, 0x00000000, 
	0x00000000, 0x00000000, 0x00000000, 0x0000001F, 0xE0000000, 0x1FFFFFC7, 0xFF007FFF, 0xFFFFFFFF, 0xFFFFFF00, 0x07FFFFF0, 0x00000F7F, 0xFFFFEFFF, 0xFFFFFFFF, 0xC000FFFF, 0xF0000000, 0x0000001F, 0xE0000000, 0x00000000, 0x00000000, 0x00000000, 
	0x00000000, 0x00000000, 0x00000000, 0x0000001F, 0xE0000000, 0x1FFFFFDF, 0xFF01FFFF, 0xFFFFFFFF, 0xFFFFFF00, 0x07FFFFF0, 0x0000077F, 0xFFFFEFFF, 0xFFFFFFFF, 0xC0001FFF, 0xFC000000, 0x0000001F, 0xE0000000, 0x00000000, 0x00000000, 0x00000000, 
	0x00000000, 0x00000000, 0x00000000, 0x0000001F, 0xE0000000, 0x1FFFFFFF, 0xFF0FFFFF, 0xFFFFFFFF, 0xFFFFFF00, 0x07FFFFF0, 0x0000077F, 0xFFFFEFFF, 0xFFFFFFFF, 0xC00007FF, 0xFF800000, 0x0000001F, 0xE0000000, 0x00000000, 0x00000000, 0x00000000, 
	0x00000000, 0x00000000, 0x00000000, 0x0000001F, 0xE0000000, 0x1FFFFFFF, 0xFF7FFFFF, 0xFFFFFFFF, 0xFFFFFF00, 0x07FFFFF0, 0x0000037F, 0xFFFFEFFF, 0xFFFFFFFF, 0xC00001FF, 0xFFE00000, 0x0000001F, 0xE0000000, 0x00000000, 0x00000000, 0x00000000, 
	0x00000000, 0x00000000, 0x00000000, 0x0000001F, 0xE0000000, 0x1FFFFFFF, 0xFFFFFFFF, 0xFFFFFFFF, 0xFFFFFF00, 0x07FFFFF0, 0x0000037F, 0xFFFFEFFF, 0xFFFFFFFF, 0xC000007F, 0xFFF80000, 0x0000001F, 0xE0000000, 0x00000000, 0x00000000, 0x00000000, 
	0x00000000, 0x00000000, 0x00000000, 0x0000001F, 0xE0000000, 0x1FFFFFFF, 0xFCFFFFFF, 0xFFFFFFFF, 0xFFFFFF00, 0x07FFFFF0, 0x0000037F, 0xFFFFEFFF, 0xFFFFFFFF, 0xC000000F, 0xFFFE0000, 0x0000001F, 0xE0000000, 0x00000000, 0x00000000, 0x00000000, 
	0x00000000, 0x00000000, 0x00000000, 0x0000001F, 0xE0000000, 0x0000FFFF, 0xE0000000, 0x00000000, 0x00000000, 0x00000000, 0x00000000, 0x00000000, 0x00000000, 0x00000003, 0xFFFF8000, 0x0000001F, 0xE0000000, 0x00000000, 0x00000000, 0x00000000, 
	0x00000000, 0x00000000, 0x00000000, 0x0000001F, 0xE0000000, 0x0007FFFF, 0x80000000, 0x00000000, 0x00000000, 0x00000000, 0x00000000, 0x00000000, 0x00000000, 0x00000000, 0xFFFFF000, 0x0000001F, 0xE0000000, 0x00000000, 0x00000000, 0x00000000, 
	0x00000000, 0x00000000, 0x00000000, 0x0000001F, 0xE0000000, 0x001FFFFE, 0x00000000, 0x00000000, 0x00000000, 0x00000000, 0x00000000, 0x00000000, 0x00000000, 0x00000000, 0x3FFFFC00, 0x0000001F, 0xE0000000, 0x00000000, 0x00000000, 0x00000000, 
	0x00000000, 0x00000000, 0x00000000, 0x0000001F, 0xE0000000, 0x007FFFF8, 0x00000000, 0x00000000, 0x00000000, 0x00000000, 0x00000000, 0x00000000, 0x00000000, 0x00000000, 0x07FFFF00, 0x0000001F, 0xE0000000, 0x00000000, 0x00000000, 0x00000000, 
	0x00000000, 0x00000000, 0x00000000, 0x0000001F, 0xE0000000, 0x03FFFFC0, 0x00000000, 0x00000000, 0x00000000, 0x00000000, 0x00000000, 0x00000000, 0x00000000, 0x00000000, 0x01FFFFC0, 0x0000001F, 0xE0000000, 0x00000000, 0x00000000, 0x00000000, 
	0x00000000, 0x00000000, 0x00000000, 0x0000001F, 0xE0000000, 0x0FFFFF00, 0x00000000, 0x00000000, 0x00000000, 0x00000000, 0x00000000, 0x00000000, 0x00000000, 0x00000000, 0x007FFFF8, 0x0000001F, 0xE0000000, 0x00000000, 0x00000000, 0x00000000, 
	0x00000000, 0x00000000, 0x00000000, 0x0000001F, 0xE0000000, 0x3FFFFC00, 0x00000000, 0x00000000, 0x00000000, 0x00000000, 0x00000000, 0x00000000, 0x00000000, 0x00000000, 0x001FFFFE, 0x0000001F, 0xE0000000, 0x00000000, 0x00000000, 0x00000000, 
	0x00000000, 0x00000000, 0x00000000, 0x0000001F, 0xE0000000, 0xFFFFE000, 0x00000000, 0x00000000, 0x00000000, 0x00000000, 0x00000000, 0x00000000, 0x00000000, 0x00000000, 0x0007FFFF, 0x8000001F, 0xE0000000, 0x00000000, 0x00000000, 0x00000000, 
	0x00000000, 0x00000000, 0x00000000, 0x0000001F, 0xE0000007, 0xFFFF8000, 0x00000000, 0x00000000, 0x00000000, 0x00000000, 0x00000000, 0x00000000, 0x00000000, 0x00000000, 0x0000FFFF, 0xE000001F, 0xE0000000, 0x00000000, 0x00000000, 0x00000000, 
	0x00000000, 0x00000000, 0x00000000, 0x0000001F, 0xE000001F, 0xFFFE0000, 0x00000000, 0x00000000, 0x00000000, 0x00000000, 0x00000000, 0x00000000, 0x00000000, 0x00000000, 0x00003FFF, 0xFC00001F, 0xE0000000, 0x00000000, 0x00000000, 0x00000000, 
	0x00000000, 0x00000000, 0x00000000, 0x0000001F, 0xE000007F, 0xFFF80000, 0x00000000, 0x00000000, 0x00000000, 0x00000000, 0x00000000, 0x00000000, 0x00000000, 0x00000000, 0x00000FFF, 0xFF00001F, 0xE0000000, 0x00000000, 0x00000000, 0x00000000, 
	0x00000000, 0x00000000, 0x00000000, 0x0000001F, 0xE00001FF, 0xFFC00000, 0x00000000, 0x00000000, 0x00000000, 0x00000000, 0x00000000, 0x00000000, 0x00000000, 0x00000000, 0x000003FF, 0xFFC0001F, 0xE0000000, 0x00000000, 0x00000000, 0x00000000, 
	0x00000000, 0x00000000, 0x00000000, 0x0000001F, 0xE0000FFF, 0xFF000000, 0x00000000, 0x00000000, 0x00000000, 0x00000000, 0x00000000, 0x00000000, 0x00000000, 0x00000000, 0x0000007F, 0xFFF0001F, 0xE0000000, 0x00000000, 0x00000000, 0x00000000, 
	0x00000000, 0x00000000, 0x00000000, 0x0000001F, 0xE0003FFF, 0xFC000000, 0x00000000, 0x00000000, 0x00000000, 0x00000000, 0x00000000, 0x00000000, 0x00000000, 0x00000000, 0x0000001F, 0xFFFE001F, 0xE0000000, 0x00000000, 0x00000000, 0x00000000, 
	0x00000000, 0x00000000, 0x00000000, 0x0000001F, 0xE000FFFF, 0xF0000000, 0x00000000, 0x00000000, 0x00000000, 0x00000000, 0x00000000, 0x00000000, 0x00000000, 0x00000000, 0x00000007, 0xFFFF801F, 0xE0000000, 0x00000000, 0x00000000, 0x00000000, 
	0x00000000, 0x00000000, 0x00000000, 0x0000001F, 0xE007FFFF, 0x80000000, 0x00000000, 0x00000000, 0x00000000, 0x00000000, 0x00000000, 0x00000000, 0x00000000, 0x00000000, 0x00000001, 0xFFFFE01F, 0xE0000000, 0x00000000, 0x00000000, 0x00000000, 
	0x00000000, 0x00000000, 0x00000000, 0x0000001F, 0xE01FFFFE, 0x00000000, 0x00000000, 0x00000000, 0x00000000, 0x00000000, 0x00000000, 0x00000000, 0x00000000, 0x00000000, 0x00000000, 0x3FFFF81F, 0xE0000000, 0x00000000, 0x00000000, 0x00000000, 
	0x00000000, 0x00000000, 0x00000000, 0x0000001F, 0xE07FFFF8, 0x00000000, 0x00000000, 0x00000000, 0x00000000, 0x00000000, 0x00000000, 0x00000000, 0x00000000, 0x00000000, 0x00000000, 0x0FFFFF1F, 0xE0000000, 0x00000000, 0x00000000, 0x00000000, 
	0x00000000, 0x00000000, 0x00000000, 0x0000001F, 0xE1FFFFC0, 0x00000000, 0x00000000, 0x00000000, 0x00000000, 0x00000000, 0x00000000, 0x00000000, 0x00000000, 0x00000000, 0x00000000, 0x03FFFFDF, 0xE0000000, 0x00000000, 0x00000000, 0x00000000, 
	0x00000000, 0x00000000, 0x00000000, 0x0000001F, 0xEFFFFF00, 0x00000000, 0x00000000, 0x00000000, 0x00000000, 0x00000000, 0x00000000, 0x00000000, 0x00000000, 0x00000000, 0x00000000, 0x00FFFFFF, 0xE0000000, 0x00000000, 0x00000000, 0x00000000, 
	0x00000000, 0x00000000, 0x00000000, 0x0000001F, 0xFFFFFC00, 0x00000000, 0x00000000, 0x00000000, 0x00000000, 0x00000000, 0x00000000, 0x00000000, 0x00000000, 0x00000000, 0x00000000, 0x001FFFFF, 0xE0000000, 0x00000000, 0x00000000, 0x00000000, 
	0x00000000, 0x00000000, 0x00000000, 0x0000001F, 0xFFFFF000, 0x00000000, 0x00000000, 0x00000000, 0x00000000, 0x00000000, 0x00000000, 0x00000000, 0x00000000, 0x00000000, 0x00000000, 0x0007FFFF, 0xE0000000, 0x00000000, 0x00000000, 0x00000000, 
	0x00000000, 0x00000000, 0x00000000, 0x0000001F, 0xFFFF8000, 0x00000000, 0x00000000, 0x00000000, 0x00000000, 0x00000000, 0x00000000, 0x00000000, 0x00000000, 0x00000000, 0x00000000, 0x0001FFFF, 0xE0000000, 0x00000000, 0x00000000, 0x00000000, 
	0x00000000, 0x00000000, 0x00000000, 0x0000001F, 0xFFFFFFFF, 0xFFFFFFFF, 0xFFFFFFFF, 0xFFFFFFFF, 0xFFFFFFFF, 0xFFFFFFFF, 0xFFFFFFFF, 0xFFFFFFFF, 0xFFFFFFFF, 0xFFFFFFFF, 0xFFFFFFFF, 0xFFFFFFFF, 0xE0000000, 0x00000000, 0x00000000, 0x00000000, 
	0x00000000, 0x00000000, 0x00000000, 0x0000001F, 0xFFFFFFFF, 0xFFFFFFFF, 0xFFFFFFFF, 0xFFFFFFFF, 0xFFFFFFFF, 0xFFFFFFFF, 0xFFFFFFFF, 0xFFFFFFFF, 0xFFFFFFFF, 0xFFFFFFFF, 0xFFFFFFFF, 0xFFFFFFFF, 0xE0000000, 0x00000000, 0x00000000, 0x00000000, 
	0x00000000, 0x00000000, 0x00000000, 0x0000001F, 0xFFFFFFFF, 0xFFFFFFFF, 0xFFFFFFFF, 0xFFFFFFFF, 0xFFFFFFFF, 0xFFFFFFFF, 0xFFFFFFFF, 0xFFFFFFFF, 0xFFFFFFFF, 0xFFFFFFFF, 0xFFFFFFFF, 0xFFFFFFFF, 0xE0000000, 0x00000000, 0x00000000, 0x00000000, 
	0x00000000, 0x00000000, 0x00000000, 0x0000001F, 0xFFFFFFFF, 0xFFFFFFFF, 0xFFFFFFFF, 0xFFFFFFFF, 0xFFFFFFFF, 0xFFFFFFFF, 0xFFFFFFFF, 0xFFFFFFFF, 0xFFFFFFFF, 0xFFFFFFFF, 0xFFFFFFFF, 0xFFFFFFFF, 0xE0000000, 0x00000000, 0x00000000, 0x00000000, 
	0x00000000, 0x00000000, 0x00000000, 0x0000001F, 0xFFFFFFFF, 0xFFFFFFFF, 0xFFFFFFFF, 0xFFFFFFFF, 0xFFFFFFFF, 0xFFFFFFFF, 0xFFFFFFFF, 0xFFFFFFFF, 0xFFFFFFFF, 0xFFFFFFFF, 0xFFFFFFFF, 0xFFFFFFFF, 0xE0000000, 0x00000000, 0x00000000, 0x00000000, 
	0x00000000, 0x00000000, 0x00000000, 0x0000001F, 0xFFFFFFFF, 0xFFFFFFFF, 0xFFFFFFFF, 0xFFFFFFFF, 0xFFFFFFFF, 0xFFFFFFFF, 0xFFFFFFFF, 0xFFFFFFFF, 0xFFFFFFFF, 0xFFFFFFFF, 0xFFFFFFFF, 0xFFFFFFFF, 0xE0000000, 0x00000000, 0x00000000, 0x00000000, 
	0x00000000, 0x00000000, 0x00000000, 0x0000001F, 0xFFFFFFFF, 0xFFFFFFFF, 0xFFFFFFFF, 0xFFFFFFFF, 0xFFFFFFFF, 0xFFFFFFFF, 0xFFFFFFFF, 0xFFFFFFFF, 0xFFFFFFFF, 0xFFFFFFFF, 0xFFFFFFFF, 0xFFFFFFFF, 0xE0000000, 0x00000000, 0x00000000, 0x00000000, 
	0x00000000, 0x00000000, 0x00000000, 0x0000001F, 0xFFFFFFFF, 0xFFFFFFFF, 0xFFFFFFFF, 0xFFFFFFFF, 0xFFFFFFFF, 0xFFFFFFFF, 0xFFFFFFFF, 0xFFFFFFFF, 0xFFFFFFFF, 0xFFFFFFFF, 0xFFFFFFFF, 0xFFFFFFFF, 0xE0000000, 0x00000000, 0x00000000, 0x00000000, 
	0x00000000, 0x00000000, 0x00000000, 0x00000000, 0x00000000, 0x00000000, 0x00000000, 0x00000000, 0x00000000, 0x00000000, 0x00000000, 0x00000000, 0x00000000, 0x00000000, 0x00000000, 0x00000000, 0x00000000, 0x00000000, 0x00000000, 0x00000000, 
	0x00000000, 0x00000000, 0x00000000, 0x00000000, 0x00000000, 0x00000000, 0x00000000, 0x00000000, 0x00000000, 0x00000000, 0x00000000, 0x00000000, 0x00000000, 0x00000000, 0x00000000, 0x00000000, 0x00000000, 0x00000000, 0x00000000, 0x00000000, 
	0x00000000, 0x0003FFFF, 0xC0000000, 0x00000000, 0x00000000, 0x00000000, 0x00000000, 0x00000000, 0x00000000, 0x00000000, 0x00000000, 0x00000007, 0xFFFC0000, 0x00000000, 0x00000000, 0x00000000, 0x00000000, 0x00000000, 0x00000000, 0x00000000, 
	0x00000000, 0x007FFFFF, 0xFE000000, 0x00000000, 0x00000000, 0x00000000, 0x00000000, 0x00000000, 0x00000000, 0x00000000, 0x00000000, 0x0000007F, 0xFFFFE000, 0x00000000, 0x00000000, 0x00000000, 0x00000000, 0x00000000, 0x00000000, 0x00000000, 
	0x00000000, 0x03FFFFFF, 0xFFC00000, 0x00000000, 0x00000000, 0x00000000, 0x00000000, 0x00000000, 0x00000000, 0x00000000, 0x00000000, 0x000003FF, 0xFFFFFC00, 0x00000000, 0x00000000, 0x00000000, 0x00000000, 0x00000000, 0x00000000, 0x00000000, 
	0x00000000, 0x0FFFFFFF, 0xFFF00000, 0x00000000, 0x00000000, 0x00000000, 0x00000000, 0x00000000, 0x00000000, 0x00000000, 0x00000000, 0x00000FFF, 0xFFFFFF00, 0x00000000, 0x00000000, 0x00000000, 0x00000000, 0x00000000, 0x00000000, 0x00000000, 
	0x00000000, 0x3FFFFFFF, 0xFFF80000, 0x00000000, 0x00000000, 0x00000000, 0x00000000, 0x00000000, 0x00000000, 0x00000000, 0x00000000, 0x00003FFF, 0xFFFFFFC0, 0x00000000, 0x00000000, 0x00000000, 0x00000000, 0x00000000, 0x00000000, 0x00000000, 
	0x00000000, 0x7FFFFFFF, 0xFFFE0000, 0x00000000, 0x00000000, 0x00000000, 0x00000000, 0x00000000, 0x00000000, 0x00000000, 0x00000000, 0x0000FFFF, 0xFFFFFFF0, 0x00000000, 0x00000000, 0x00000000, 0x00000000, 0x00000000, 0x00000000, 0x00000000, 
	0x00000001, 0xFFFFFFFF, 0xFFFF0000, 0x00000000, 0x00000000, 0x00000000, 0x00000000, 0x00000000, 0x00000000, 0x00000000, 0x00000000, 0x0001FFFF, 0xFFFFFFF8, 0x00000000, 0x00000000, 0x00000000, 0x00000000, 0x00000000, 0x00000000, 0x00000000, 
	0x00000003, 0xFFFFFFFF, 0xFFFF8000, 0x00000000, 0x00000000, 0x00000000, 0x00000000, 0x00000000, 0x00000000, 0x00000000, 0x00000000, 0x0003FFFF, 0xFFFFFFFC, 0x00000000, 0x00000000, 0x00000000, 0x00000000, 0x00000000, 0x00000000, 0x00000000, 
	0x00000007, 0xFFFFFFFF, 0xFFFFC000, 0x00000000, 0x00000000, 0x00000000, 0x00000000, 0x00000000, 0x00000000, 0x00000000, 0x00000000, 0x000FFFFF, 0xFFFFFFFF, 0x00000000, 0x00000000, 0x00000000, 0x00000000, 0x00000000, 0x00000000, 0x00000000, 
	0x0000000F, 0xFFFFFFFF, 0xFFFFE000, 0x00000000, 0x00000000, 0x00000000, 0x00000000, 0x00000000, 0x00000000, 0x00000000, 0x00000000, 0x000FFFFF, 0xFFFFFFFF, 0x80000000, 0x00000000, 0x00000000, 0x00000000, 0x00000000, 0x00000000, 0x00000000, 
	0x0000001F, 0xFFFFFFFF, 0xFFFFE000, 0x00000000, 0x00000000, 0x00000000, 0x00000000, 0x00000000, 0x00000000, 0x00000000, 0x00000000, 0x001FFFFF, 0xFFFFFFFF, 0x80000000, 0x00000000, 0x00000000, 0x00000000, 0x00000000, 0x00000000, 0x00000000, 
	0x0000003F, 0xFFFFFFFF, 0xFFFFF000, 0x00000000, 0x00000000, 0x00000000, 0x00000000, 0x00000000, 0x00000000, 0x00000000, 0x00000000, 0x003FFFFF, 0xFFFFFFFF, 0xC0000000, 0x00000000, 0x00000000, 0x00000000, 0x00000000, 0x00000000, 0x00000000, 
	0x0000007F, 0xFFFFFFFF, 0xFFFFF800, 0x00000000, 0x00000000, 0x00000000, 0x00000000, 0x00000000, 0x00000000, 0x00000000, 0x00000000, 0x007FFFFF, 0xFFFFFFFF, 0xE0000000, 0x00000000, 0x00000000, 0x00000000, 0x00000000, 0x00000000, 0x00000000, 
	0x0000007F, 0xFFFFFFFF, 0xFFFFF800, 0x00000000, 0x00000000, 0x00000000, 0x00000000, 0x00000000, 0x00000000, 0x00000000, 0x00000000, 0x00FFFFFF, 0xFFFFFFFF, 0xF0000000, 0x00000000, 0x00000000, 0x00000000, 0x00000000, 0x00000000, 0x00000000, 
	0x000000FF, 0xFFFFFFFF, 0xFFFFFC00, 0x00000000, 0x00000000, 0x00000000, 0x00000000, 0x00000000, 0x00000000, 0x00000000, 0x00000000, 0x00FFFFFF, 0xFFFFFFFF, 0xF0000000, 0x00000000, 0x00000000, 0x00000000, 0x00000000, 0x00000000, 0x00000000, 
	0x000001FF, 0xFFFFC00F, 0xFFFFFC00, 0x00000000, 0x00000000, 0x00000000, 0x00000000, 0x00000000, 0x00000000, 0x00000000, 0x00000000, 0x01FFFFFF, 0xFFFFFFFF, 0xF8000000, 0x00000000, 0x00000000, 0x00000000, 0x00000000, 0x00000000, 0x00000000, 
	0x000001FF, 0xFFFF0003, 0xFFFFFC00, 0x00000000, 0x00000000, 0x00000000, 0x00000000, 0x00000000, 0x00000000, 0x00000000, 0x00000000, 0x03FFFFFF, 0x801FFFFF, 0xFC000000, 0x00000000, 0x00000000, 0x00000000, 0x00000000, 0x00000000, 0x00000000, 
	0x000003FF, 0xFFFC0001, 0xFFFFFE00, 0x00000000, 0x00000000, 0x00000000, 0x00000000, 0x00000000, 0x00000000, 0x00000000, 0x00000000, 0x03FFFFFE, 0x0007FFFF, 0xFC000000, 0x00000000, 0x00000000, 0x00000000, 0x00000000, 0x00000000, 0x00000000, 
	0x000003FF, 0xFFF80000, 0xFFFFFE00, 0x00000000, 0x00000000, 0x00000000, 0x00000000, 0x00000000, 0x00000000, 0x00000000, 0x00000000, 0x07FFFFF8, 0x0003FFFF, 0xFC000000, 0x00000000, 0x00000000, 0x00000000, 0x00000000, 0x00000000, 0x00000000, 
	0x000007FF, 0xFFF00000, 0x7FFFF800, 0x00001FFF, 0xFF800000, 0x00000000, 0x7FF80000, 0x7FF80000, 0x000003FF, 0xFE000000, 0x00000000, 0x07FFFFF0, 0x0000FFFF, 0xFE000000, 0x00000000, 0x00000003, 0xFFFE0000, 0x00000000, 0x03FE0000, 0x00000000, 
	0x000007FF, 0xFFE00000, 0x3FFF0000, 0x0001FFFF, 0xFFF80000, 0x0FFFFC03, 0xFFFF0003, 0xFFFF0000, 0x00003FFF, 0xFFC00000, 0x00000000, 0x07FFFFE0, 0x00007FFF, 0xFE03FFFF, 0xC00007FF, 0xFF00003F, 0xFFFFC000, 0x000FFFFC, 0x0FFF8000, 0x00000000, 
	0x000007FF, 0xFFE00000, 0x3FC00000, 0x000FFFFF, 0xFFFE0000, 0x0FFFFC0F, 0xFFFF8007, 0xFFFF8000, 0x0000FFFF, 0xFFF80000, 0x00000000, 0x0FFFFFE0, 0x00007FFF, 0xFF01FFFF, 0xC00007FF, 0xFF0000FF, 0xFFFFF800, 0x000FFFFC, 0x3FFFE000, 0x00000000, 
	0x00000FFF, 0xFFC00000, 0x10000000, 0x001FFFFF, 0xFFFF8000, 0x0FFFFC1F, 0xFFFFC01F, 0xFFFFE000, 0x0003FFFF, 0xFFFE0000, 0x00000000, 0x0FFFFFC0, 0x00003FFF, 0xFF01FFFF, 0xE00007FF, 0xFF0003FF, 0xFFFFFE00, 0x000FFFFC, 0x7FFFE000, 0x00000000, 
	0x00000FFF, 0xFF800000, 0x00000000, 0x007FFFFF, 0xFFFFE000, 0x0FFFFC7F, 0xFFFFE03F, 0xFFFFF000, 0x000FFFFF, 0xFFFF8000, 0x00000000, 0x0FFFFF80, 0x00003FFF, 0xFF00FFFF, 0xE0000FFF, 0xFE000FFF, 0xFFFFFF80, 0x000FFFFC, 0x7FFFC000, 0x00000000, 
	0x00000FFF, 0xFF800000, 0x00000000, 0x00FFFFFF, 0xFFFFF000, 0x0FFFFCFF, 0xFFFFF07F, 0xFFFFF800, 0x001FFFFF, 0xFFFFC000, 0x00000000, 0x1FFFFF80, 0x00001FFF, 0xFF00FFFF, 0xE0000FFF, 0xFE001FFF, 0xFFFFFFC0, 0x000FFFFC, 0xFFFFC000, 0x00000000, 
	0x00000FFF, 0xFF800000, 0x00000000, 0x01FFFFFF, 0xFFFFF000, 0x0FFFFDFF, 0xFFFFF8FF, 0xFFFFF800, 0x007FFFFF, 0xFFFFE000, 0x00000000, 0x1FFFFF80, 0x00001FFF, 0xFF00FFFF, 0xF0000FFF, 0xFC007FFF, 0xFFFFFFE0, 0x000FFFFD, 0xFFFF8000, 0x00000000, 
	0x00001FFF, 0xFF800000, 0x00000000, 0x03FFFFFF, 0xFFFFF800, 0x0FFFFFFF, 0xFFFFFFFF, 0xFFFFFC00, 0x00FFFFFF, 0xFFFFF000, 0x00000000, 0x1FFFFF00, 0x00001FFF, 0xFF807FFF, 0xF0001FFF, 0xFC00FFFF, 0xFFFFFFF0, 0x000FFFFD, 0xFFFF8000, 0x00000000, 
	0x00001FFF, 0xFF000000, 0x00000000, 0x07FFFFFF, 0xFFFFFC00, 0x0FFFFFFF, 0xFFFFFFFF, 0xFFFFFC00, 0x01FFFFFF, 0xFFFFF800, 0x00000000, 0x1FFFFF00, 0x00000FFF, 0xFF807FFF, 0xF0001FFF, 0xF800FFFF, 0xFFFFFFF8, 0x000FFFFF, 0xFFFF0000, 0x00000000, 
	0x00001FFF, 0xFF000000, 0x00000000, 0x07FFFFFF, 0xFFFFFC00, 0x0FFFFFFF, 0xFFFFFFFF, 0xFFFFFE00, 0x01FFFFFF, 0xFFFFFC00, 0x00000000, 0x1FFFFF00, 0x00000FFF, 0xFF803FFF, 0xF0001FFF, 0xF801FFFF, 0xFFFFFFFC, 0x000FFFFF, 0xFFFF0000, 0x00000000, 
	0x00001FFF, 0xFF000000, 0x00000000, 0x0FFFFFFF, 0xFFFFFE00, 0x0FFFFFFF, 0xFFFFFFFF, 0xFFFFFE00, 0x03FFFFFF, 0xFFFFFC00, 0x00000000, 0x1FFFFF00, 0x00000FFF, 0xFF803FFF, 0xF8001FFF, 0xF803FFFF, 0xFFFFFFFE, 0x000FFFFF, 0xFFFF0000, 0x00000000, 
	0x00001FFF, 0xFF0000FF, 0xFFFFFF00, 0x0FFFFFC0, 0x1FFFFE00, 0x0FFFFFFF, 0xFFFFFFFF, 0xFFFFFE00, 0x07FFFFE0, 0x3FFFFE00, 0x00000000, 0x1FFFFF00, 0x00000FFF, 0xFF803FFF, 0xF8003FFF, 0xF007FFFF, 0xE03FFFFE, 0x000FFFFF, 0xFFFE0000, 0x00000000, 
	0x00001FFF, 0xFF0000FF, 0xFFFFFF00, 0x0FFFFF00, 0x0FFFFE00, 0x0FFFFFFF, 0xFFFFFFFF, 0xFFFFFE00, 0x07FFFF80, 0x0FFFFF00, 0x00000000, 0x1FFFFF00, 0x00000FFF, 0xFF801FFF, 0xF8003FFF, 0xF007FFFF, 0x800FFFFF, 0x000FFFFF, 0xFFFE0000, 0x00000000, 
	0x00001FFF, 0xFF0000FF, 0xFFFFFF00, 0x1FFFFE00, 0x07FFFF00, 0x0FFFFFFF, 0xFFFFFFFF, 0xFFFFFF00, 0x0FFFFF00, 0x07FFFF00, 0x00000000, 0x1FFFFF00, 0x00000FFF, 0xFF801FFF, 0xFC007FFF, 0xE00FFFFF, 0x0007FFFF, 0x000FFFFF, 0xFFFC0000, 0x00000000, 
	0x00001FFF, 0xFF0000FF, 0xFFFFFF00, 0x1FFFFC00, 0x07FFFF00, 0x0FFFFFFD, 0xFFFFFFFF, 0xFFFFFF00, 0x0FFFFE00, 0x03FFFF80, 0x00000000, 0x3FFFFE00, 0x00000FFF, 0xFF800FFF, 0xFC007FFF, 0xE00FFFFE, 0x0003FFFF, 0x800FFFFF, 0xFE7C0000, 0x00000000, 
	0x00001FFF, 0xFF0000FF, 0xFFFFFF00, 0x00FFFC00, 0x07FFFF00, 0x0FFFFFE0, 0x3FFFFFF0, 0x3FFFFF00, 0x1FFFFC00, 0x03FFFF80, 0x00000000, 0x3FFFFE00, 0x00000FFF, 0xFF800FFF, 0xFC007FFF, 0xE01FFFFC, 0x0003FFFF, 0x800FFFFF, 0xF0080000, 0x00000000, 
	0x00001FFF, 0xFF0000FF, 0xFFFFFF00, 0x00007800, 0x03FFFF00, 0x0FFFFF80, 0x1FFFFFC0, 0x1FFFFF00, 0x1FFFFC00, 0x01FFFF80, 0x00000000, 0x3FFFFE00, 0x00000FFF, 0xFF8007FF, 0xFE00FFFF, 0xC01FFFFC, 0x0001FFFF, 0x800FFFFF, 0xE0000000, 0x00000000, 
	0x00001FFF, 0xFF0000FF, 0xFFFFFF00, 0x00000000, 0x07FFFF00, 0x0FFFFF80, 0x0FFFFF80, 0x0FFFFF00, 0x1FFFF800, 0x01FFFFC0, 0x00000000, 0x3FFFFE00, 0x00000FFF, 0xFF8007FF, 0xFE00FFFF, 0xC01FFFF8, 0x0001FFFF, 0xC00FFFFF, 0xC0000000, 0x00000000, 
	0x00001FFF, 0xFF0000FF, 0xFFFFFF00, 0x00000000, 0x1FFFFF00, 0x0FFFFF00, 0x0FFFFF80, 0x07FFFF00, 0x3FFFF800, 0x01FFFFC0, 0x00000000, 0x1FFFFE00, 0x00000FFF, 0xFF8007FF, 0xFE00FFFF, 0x803FFFF8, 0x0001FFFF, 0xC00FFFFF, 0xC0000000, 0x00000000, 
	0x00001FFF, 0xFF0000FF, 0xFFFFFF00, 0x00000001, 0xFFFFFF00, 0x0FFFFF00, 0x0FFFFF00, 0x07FFFF00, 0x3FFFF800, 0x01FFFFC0, 0x00000000, 0x1FFFFF00, 0x00000FFF, 0xFF8003FF, 0xFF00FFFF, 0x803FFFF8, 0x0001FFFF, 0xC00FFFFF, 0x80000000, 0x00000000, 
	0x00001FFF, 0xFF0000FF, 0xFFFFFF00, 0x0000001F, 0xFFFFFF00, 0x0FFFFE00, 0x0FFFFF00, 0x07FFFF00, 0x3FFFF800, 0x01FFFFC0, 0x00000000, 0x1FFFFF00, 0x00000FFF, 0xFF8003FF, 0xFF01FFFF, 0x003FFFF8, 0x0001FFFF, 0xC00FFFFF, 0x80000000, 0x00000000, 
	0x00001FFF, 0xFF0000FF, 0xFFFFFF00, 0x000001FF, 0xFFFFFF00, 0x0FFFFE00, 0x0FFFFF00, 0x07FFFF00, 0x3FFFFFFF, 0xFFFFFFC0, 0x00000000, 0x1FFFFF00, 0x00000FFF, 0xFF8001FF, 0xFF01FFFF, 0x003FFFFF, 0xFFFFFFFF, 0xC00FFFFF, 0x00000000, 0x00000000, 
	0x00001FFF, 0xFF0000FF, 0xFFFFFF00, 0x00003FFF, 0xFFFFFF00, 0x0FFFFE00, 0x07FFFF00, 0x07FFFF00, 0x3FFFFFFF, 0xFFFFFFC0, 0x00000000, 0x1FFFFF00, 0x00000FFF, 0xFF8001FF, 0xFF81FFFF, 0x003FFFFF, 0xFFFFFFFF, 0xE00FFFFF, 0x00000000, 0x00000000, 
	0x00001FFF, 0xFF0000FF, 0xFFFFFF00, 0x0003FFFF, 0xFFFFFF00, 0x0FFFFE00, 0x07FFFF00, 0x07FFFF00, 0x3FFFFFFF, 0xFFFFFFE0, 0x00000000, 0x1FFFFF00, 0x00000FFF, 0xFF8001FF, 0xFF83FFFE, 0x003FFFFF, 0xFFFFFFFF, 0xE00FFFFF, 0x00000000, 0x00000000, 
	0x00001FFF, 0xFF0000FF, 0xFFFFFF00, 0x001FFFFF, 0xFFFFFF00, 0x0FFFFE00, 0x07FFFE00, 0x07FFFF00, 0x7FFFFFFF, 0xFFFFFFE0, 0x00000000, 0x1FFFFF00, 0x00001FFF, 0xFF8000FF, 0xFF83FFFE, 0x003FFFFF, 0xFFFFFFFF, 0xE00FFFFF, 0x00000000, 0x00000000, 
	0x00001FFF, 0xFF8000FF, 0xFFFFFF00, 0x00FFFFFF, 0xFFFFFF00, 0x0FFFFE00, 0x07FFFE00, 0x07FFFF00, 0x7FFFFFFF, 0xFFFFFFE0, 0x00000000, 0x1FFFFF00, 0x00001FFF, 0xFF0000FF, 0xFFC3FFFC, 0x007FFFFF, 0xFFFFFFFF, 0xE00FFFFF, 0x00000000, 0x00000000, 
	0x00000FFF, 0xFF800000, 0x03FFFF00, 0x01FFFFFF, 0xFFFFFF00, 0x0FFFFE00, 0x07FFFE00, 0x07FFFF00, 0x7FFFFFFF, 0xFFFFFFE0, 0x00000000, 0x1FFFFF80, 0x00001FFF, 0xFF00007F, 0xFFC7FFFC, 0x003FFFFF, 0xFFFFFFFF, 0xE00FFFFE, 0x00000000, 0x00000000, 
	0x00000FFF, 0xFF800000, 0x03FFFF00, 0x07FFFFFF, 0xE7FFFF00, 0x0FFFFE00, 0x07FFFE00, 0x07FFFF00, 0x7FFFFFFF, 0xFFFFFFE0, 0x00000000, 0x0FFFFF80, 0x00001FFF, 0xFF00007F, 0xFFC7FFF8, 0x003FFFFF, 0xFFFFFFFF, 0xE00FFFFE, 0x00000000, 0x00000000, 
	0x00000FFF, 0xFFC00000, 0x03FFFF00, 0x0FFFFFFF, 0x03FFFF00, 0x0FFFFE00, 0x07FFFE00, 0x07FFFF00, 0x3FFFFFFF, 0xFFFFFFE0, 0x00000000, 0x0FFFFFC0, 0x00003FFF, 0xFF00003F, 0xFFC7FFF8, 0x003FFFFF, 0xFFFFFFFF, 0xE00FFFFE, 0x00000000, 0x00000000, 
	0x00000FFF, 0xFFC00000, 0x03FFFF00, 0x0FFFFFF8, 0x03FFFF00, 0x0FFFFE00, 0x07FFFE00, 0x07FFFF00, 0x3FFFFFFF, 0xFFFFFFE0, 0x00000000, 0x0FFFFFC0, 0x00003FFF, 0xFF00003F, 0xFFEFFFF0, 0x003FFFFF, 0xFFFFFFFF, 0xE00FFFFE, 0x00000000, 0x00000000, 
	0x000007FF, 0xFFE00000, 0x03FFFF00, 0x1FFFFFC0, 0x03FFFF00, 0x0FFFFE00, 0x07FFFE00, 0x07FFFF00, 0x3FFFF800, 0x00000000, 0x00000000, 0x0FFFFFE0, 0x00007FFF, 0xFE00003F, 0xFFEFFFF0, 0x003FFFF8, 0x00000000, 0x000FFFFE, 0x00000000, 0x00000000, 
	0x000007FF, 0xFFF00000, 0x03FFFF00, 0x1FFFFE00, 0x03FFFF00, 0x0FFFFE00, 0x07FFFE00, 0x07FFFF00, 0x3FFFF800, 0x00000000, 0x00000000, 0x07FFFFF0, 0x0000FFFF, 0xFE00001F, 0xFFFFFFF0, 0x003FFFF8, 0x00000000, 0x000FFFFE, 0x00000000, 0x00000000, 
	0x000003FF, 0xFFF80000, 0x07FFFF00, 0x3FFFFC00, 0x07FFFF00, 0x0FFFFE00, 0x0FFFFE00, 0x07FFFF00, 0x3FFFF800, 0x00000000, 0x00000000, 0x07FFFFF8, 0x0001FFFF, 0xFE00001F, 0xFFFFFFE0, 0x003FFFF8, 0x00000000, 0x000FFFFE, 0x00000000, 0x00000000, 
	0x000003FF, 0xFFF80000, 0x1FFFFF00, 0x3FFFF800, 0x07FFFF00, 0x0FFFFE00, 0x0FFFFE00, 0x07FFFF00, 0x3FFFF800, 0x00000000, 0x00000000, 0x03FFFFFC, 0x0003FFFF, 0xFC00000F, 0xFFFFFFE0, 0x001FFFF8, 0x00000000, 0x000FFFFE, 0x00000000, 0x00000000, 
	0x000003FF, 0xFFFE0000, 0x7FFFFF00, 0x3FFFF800, 0x07FFFF00, 0x0FFFFE00, 0x0FFFFE00, 0x07FFFF00, 0x1FFFFC00, 0x00000000, 0x00000000, 0x03FFFFFF, 0x000FFFFF, 0xFC00000F, 0xFFFFFFC0, 0x001FFFFC, 0x00000000, 0x000FFFFE, 0x00000000, 0x00000000, 
	0x000001FF, 0xFFFF8001, 0xFFFFFF00, 0x3FFFF000, 0x07FFFF00, 0x0FFFFE00, 0x0FFFFE00, 0x07FFFF00, 0x1FFFFC00, 0x00000000, 0x00000000, 0x01FFFFFF, 0xE07FFFFF, 0xF800000F, 0xFFFFFFC0, 0x001FFFFC, 0x00000000, 0x000FFFFE, 0x00000000, 0x00000000, 
	0x000000FF, 0xFFFFFC3F, 0xFFFFFF00, 0x7FFFF000, 0x0FFFFF00, 0x0FFFFE00, 0x0FFFFE00, 0x07FFFF00, 0x1FFFFE00, 0x01FC0000, 0x00000000, 0x01FFFFFF, 0xFFFFFFFF, 0xF8000007, 0xFFFFFF80, 0x001FFFFE, 0x0001FC00, 0x000FFFFE, 0x00000000, 0x00000000, 
	0x000000FF, 0xFFFFFFFF, 0xFFFFFF00, 0x7FFFF800, 0x1FFFFF00, 0x0FFFFE00, 0x0FFFFE00, 0x07FFFF00, 0x0FFFFE00, 0x03FFFF00, 0x00000000, 0x00FFFFFF, 0xFFFFFFFF, 0xF0000007, 0xFFFFFF80, 0x000FFFFF, 0x0003FFFF, 0x000FFFFE, 0x00000000, 0x00000000, 
	0x0000007F, 0xFFFFFFFF, 0xFFFFFF00, 0x7FFFF800, 0x3FFFFF00, 0x0FFFFE00, 0x0FFFFE00, 0x07FFFF00, 0x0FFFFF00, 0x07FFFF80, 0x00000000, 0x007FFFFF, 0xFFFFFFFF, 0xE0000003, 0xFFFFFF80, 0x000FFFFF, 0x0007FFFF, 0x800FFFFE, 0x00000000, 0x00000000, 
	0x0000007F, 0xFFFFFFFF, 0xFFFFFF00, 0x3FFFFC00, 0x7FFFFF00, 0x0FFFFE00, 0x0FFFFE00, 0x07FFFF00, 0x07FFFFC0, 0x1FFFFF80, 0x00000000, 0x007FFFFF, 0xFFFFFFFF, 0xE0000003, 0xFFFFFF00, 0x0007FFFF, 0xC01FFFFF, 0x800FFFFE, 0x00000000, 0x00000000, 
	0x0000003F, 0xFFFFFFFF, 0xFFFFFF00, 0x3FFFFF03, 0xFFFFFF00, 0x0FFFFE00, 0x0FFFFE00, 0x07FFFF00, 0x07FFFFFF, 0xFFFFFF00, 0x00000000, 0x003FFFFF, 0xFFFFFFFF, 0xC0000001, 0xFFFFFF00, 0x0003FFFF, 0xFFFFFFFF, 0x000FFFFE, 0x00000000, 0x00000000, 
	0x0000001F, 0xFFFFFFFF, 0xFFFFFE00, 0x3FFFFFFF, 0xFFFFFF00, 0x0FFFFE00, 0x0FFFFE00, 0x07FFFF00, 0x03FFFFFF, 0xFFFFFE00, 0x00000000, 0x001FFFFF, 0xFFFFFFFF, 0x80000001, 0xFFFFFE00, 0x0003FFFF, 0xFFFFFFFE, 0x000FFFFE, 0x00000000, 0x00000000, 
	0x0000000F, 0xFFFFFFFF, 0xFFFFF800, 0x3FFFFFFF, 0xFFFFFF00, 0x0FFFFE00, 0x0FFFFE00, 0x07FFFF00, 0x01FFFFFF, 0xFFFFFC00, 0x00000000, 0x000FFFFF, 0xFFFFFFFF, 0x00000001, 0xFFFFFE00, 0x0001FFFF, 0xFFFFFFFC, 0x000FFFFE, 0x00000000, 0x00000000, 
	0x00000007, 0xFFFFFFFF, 0xFFFFF000, 0x1FFFFFFF, 0xFFFFFF00, 0x0FFFFE00, 0x0FFFFE00, 0x07FFFF00, 0x00FFFFFF, 0xFFFFF800, 0x00000000, 0x0007FFFF, 0xFFFFFFFE, 0x00000000, 0xFFFFFE00, 0x0000FFFF, 0xFFFFFFFC, 0x000FFFFE, 0x00000000, 0x00000000, 
	0x00000003, 0xFFFFFFFF, 0xFFFFC000, 0x0FFFFFFF, 0xFFFFFF00, 0x0FFFFE00, 0x0FFFFE00, 0x07FFFF00, 0x007FFFFF, 0xFFFFF000, 0x00000000, 0x0003FFFF, 0xFFFFFFFC, 0x00000000, 0xFFFFFC00, 0x00007FFF, 0xFFFFFFF0, 0x000FFFFE, 0x00000000, 0x00000000, 
	0x00000000, 0xFFFFFFFF, 0xFFFF0000, 0x0FFFFFFF, 0xF9FFFF80, 0x0FFFFE00, 0x0FFFFE00, 0x07FFFF00, 0x003FFFFF, 0xFFFFE000, 0x00000000, 0x0000FFFF, 0xFFFFFFF0, 0x00000000, 0x7FFFFC00, 0x00003FFF, 0xFFFFFFF0, 0x000FFFFE, 0x00000000, 0x00000000, 
	0x00000000, 0x7FFFFFFF, 0xFFFC0000, 0x07FFFFFF, 0xF1FFFF80, 0x0FFFFE00, 0x0FFFFE00, 0x07FFFF00, 0x001FFFFF, 0xFFFFC000, 0x00000000, 0x00007FFF, 0xFFFFFFE0, 0x00000000, 0x7FFFF800, 0x00001FFF, 0xFFFFFFC0, 0x000FFFFE, 0x00000000, 0x00000000, 
	0x00000000, 0x1FFFFFFF, 0xFFF00000, 0x03FFFFFF, 0xE1FFFF80, 0x0FFFFE00, 0x0FFFFE00, 0x07FFFF00, 0x000FFFFF, 0xFFFF8000, 0x00000000, 0x00001FFF, 0xFFFFFF80, 0x00000000, 0x3FFFF800, 0x00000FFF, 0xFFFFFF80, 0x000FFFFE, 0x00000000, 0x00000000, 
	0x00000000, 0x07FFFFFF, 0xFFC00000, 0x00FFFFFF, 0x80FFFFC0, 0x0FFFFE00, 0x0FFFFE00, 0x07FFFF00, 0x0003FFFF, 0xFFFE0000, 0x00000000, 0x000007FF, 0xFFFFFE00, 0x00000000, 0x3FFFF000, 0x000003FF, 0xFFFFFE00, 0x000FFFFE, 0x00000000, 0x00000000, 
	0x00000000, 0x00FFFFFF, 0xFE000000, 0x007FFFFE, 0x00FFFFC0, 0x0FFFFE00, 0x0FFFFE00, 0x07FFFF00, 0x0000FFFF, 0xFFF00000, 0x00000000, 0x000000FF, 0xFFFFF000, 0x00000000, 0x3FFFF000, 0x000000FF, 0xFFFFF000, 0x000FFFFE, 0x00000000, 0x00000000, 
	0x00000000, 0x000FFFFF, 0xC0000000, 0x000FFFF0, 0x00000000, 0x00000000, 0x00000000, 0x00000000, 0x00000FFF, 0xFF800000, 0x00000000, 0x0000001F, 0xFFFF8000, 0x00000000, 0x00000000, 0x0000000F, 0xFFFF8000, 0x00000000, 0x00000000, 0x00000000, 
	0x00000000, 0x00000000, 0x00000000, 0x00000000, 0x00000000, 0x00000000, 0x00000000, 0x00000000, 0x00000000, 0x00000000, 0x00000000, 0x00000000, 0x00000000, 0x00000000, 0x00000000, 0x00000000, 0x00000000, 0x00000000, 0x00000000, 0x00000000, 
	0x00000000, 0x00000000, 0x00000000, 0x00000000, 0x00000000, 0x00000000, 0x00000000, 0x00000000, 0x00000000, 0x00000000, 0x00000000, 0x00000000, 0x00000000, 0x00000000, 0x00000000, 0x00000000, 0x00000000, 0x00000000, 0x00000000, 0x00000000, 
	0x00000000, 0x00000000, 0x00000000, 0x00000000, 0x00000000, 0x00000000, 0x00000000, 0x00000000, 0x00000000, 0x00000000, 0x00000000, 0x00000000, 0x00000000, 0x00000000, 0x00000000, 0x00000000, 0x00000000, 0x00000000, 0x00000000, 0x00000000, 
	0x00000000, 0x00000000, 0x00000000, 0x00000000, 0x00000000, 0x00000000, 0x00000000, 0x00000000, 0x00000000, 0x00000000, 0x00000000, 0x00000000, 0x00000000, 0x00000000, 0x00000000, 0x00000000, 0x00000000, 0x00000000, 0x00000000, 0x00000000, 
	0x00000000, 0x00000000, 0x00000000, 0x00000000, 0x00000000, 0x00000000, 0x00000000, 0x00000000, 0x00000000, 0x00000000, 0x00000000, 0x00000000, 0x00000000, 0x00000000, 0x00000000, 0x00000000, 0x00000000, 0x00000000, 0x00000000, 0x00000000, 
	0x00000000, 0x00000000, 0x00000000, 0x00000000, 0x00000000, 0x00000000, 0x00000000, 0x00000000, 0x00000000, 0x00000000, 0x00000000, 0x00000000, 0x00000000, 0x00000000, 0x00000000, 0x00000000, 0x00000000, 0x00000000, 0x00000000, 0x00000000, 
	0x00000000, 0x00000000, 0x00000000, 0x00000000, 0x00000000, 0x00000000, 0x00000000, 0x00000000, 0x00000000, 0x00000000, 0x00000000, 0x00000000, 0x00000000, 0x00000000, 0x00000000, 0x00000000, 0x00000000, 0x00000000, 0x00000000, 0x00000000, 
	0x00000000, 0x00000000, 0x00000000, 0x00000000, 0x00000000, 0x00000000, 0x00000000, 0x00000000, 0x00000000, 0x00000000, 0x00000000, 0x00000000, 0x00000000, 0x00000000, 0x00000000, 0x00000000, 0x00000000, 0x00000000, 0x00000000, 0x00000000, 
	0x00000000, 0x00000000, 0x00000000, 0x00000000, 0x00000000, 0x00000000, 0x00000000, 0x00000000, 0x00000000, 0x00000000, 0x00000000, 0x00000000, 0x00000000, 0x00000000, 0x00000000, 0x00000000, 0x00000000, 0x00000000, 0x00000000, 0x00000000, 
	0x00000000, 0x00000000, 0x00000000, 0x00000000, 0x00000000, 0x00000000, 0x00000000, 0x00000000, 0x00000000, 0x00000000, 0x00000000, 0x00000000, 0x00000000, 0x00000000, 0x00000000, 0x00000000, 0x00000000, 0x00000000, 0x00000000, 0x00000000, 
	0x00000000, 0x00000000, 0x00000000, 0x00000000, 0x00000000, 0x00000000, 0x00000000, 0x00000000, 0x00000000, 0x00000000, 0x00000000, 0x00000000, 0x00000000, 0x00000000, 0x00000000, 0x00000000, 0x00000000, 0x00000000, 0x00000000, 0x00000000, 
	0x00000000, 0x00000000, 0x00000000, 0x00000000, 0x00000000, 0x00000000, 0x00000000, 0x00000000, 0x00000000, 0x00000000, 0x00000000, 0x00000000, 0x00000000, 0x00000000, 0x00000000, 0x00000000, 0x00000000, 0x00000000, 0x00000000, 0x00000000, 
	0x00000000, 0x00000000, 0x00000000, 0x00000000, 0x00000000, 0x00000000, 0x00000000, 0x00000000, 0x00000000, 0x00000000, 0x00000000, 0x00000000, 0x00000000, 0x00000000, 0x00000000, 0x00000000, 0x00000000, 0x00000000, 0x00000000, 0x00000000, 
	0x00000000, 0x00000000, 0x00000000, 0x00000000, 0x00000000, 0x00000000, 0x00000000, 0x00000000, 0x00000000, 0x00000000, 0x00000000, 0x00000000, 0x00000000, 0x00000000, 0x00000000, 0x00000000, 0x00000000, 0x00000000, 0x00000000, 0x00000000, 
	0x00000000, 0x00000000, 0x00000000, 0x00000000, 0x00000000, 0x00000000, 0x00000000, 0x00000000, 0x00000000, 0x00000000, 0x00000000, 0x00000000, 0x00000000, 0x00000000, 0x00000000, 0x00000000, 0x00000000, 0x00000000, 0x00000000, 0x00000000, 
	0x00000000, 0x00000000, 0x00000000, 0x00000000, 0x00000000, 0x00000000, 0x00000000, 0x00000000, 0x00000000, 0x00000000, 0x00000000, 0x00000000, 0x00000000, 0x00000000, 0x00000000, 0x00000000, 0x00000000, 0x00000000, 0x00000000, 0x00000000, 
	0x00000000, 0x00000000, 0x00000000, 0x00000000, 0x00000000, 0x00000000, 0x00000000, 0x00000000, 0x00000000, 0x00000000, 0x00000000, 0x00000000, 0x00000000, 0x00000000, 0x00000000, 0x00000000, 0x00000000, 0x00000000, 0x00000000, 0x00000000, 
	0x00000000, 0x00000000, 0x00000000, 0x00000000, 0x00000000, 0x00000000, 0x00000000, 0x00000000, 0x00000000, 0x00000000, 0x00000000, 0x00000000, 0x00000000, 0x00000000, 0x00000000, 0x00000000, 0x00000000, 0x00000000, 0x00000000, 0x00000000, 
	0x00000000, 0x00000000, 0x00000000, 0x00000000, 0x00000000, 0x00000000, 0x00000000, 0x00000000, 0x00000000, 0x00000000, 0x00000000, 0x00000000, 0x00000000, 0x00000000, 0x00000000, 0x00000000, 0x00000000, 0x00000000, 0x00000000, 0x00000000, 
	0x00000000, 0x00000000, 0x00000000, 0x00000000, 0x00000000, 0x00000000, 0x00000000, 0x00000000, 0x00000000, 0x00000000, 0x00000000, 0x00000000, 0x00000000, 0x00000000, 0x00000000, 0x00000000, 0x00000000, 0x00000000, 0x00000000, 0x00000000, 
	0x00000000, 0x00000000, 0x00000000, 0x00000000, 0x00000000, 0x00000000, 0x00000000, 0x00000000, 0x00000000, 0x00000000, 0x00000000, 0x00000000, 0x00000000, 0x00000000, 0x00000000, 0x00000000, 0x00000000, 0x00000000, 0x00000000, 0x00000000, 
	0x00000000, 0x00000000, 0x00000000, 0x00000000, 0x00000000, 0x00000000, 0x00000000, 0x00000000, 0x00000000, 0x00000000, 0x00000000, 0x00000000, 0x00000000, 0x00000000, 0x00000000, 0x00000000, 0x00000000, 0x00000000, 0x00000000, 0x00000000, 
	0x00000000, 0x00000000, 0x00000000, 0x00000000, 0x00000000, 0x00000000, 0x00000000, 0x00000000, 0x00000000, 0x00000000, 0x00000000, 0x00000000, 0x00000000, 0x00000000, 0x00000000, 0x00000000, 0x00000000, 0x00000000, 0x00000000, 0x00000000, 
	0x00000000, 0x00000000, 0x00000000, 0x00000000, 0x00000000, 0x00000000, 0x00000000, 0x00000000, 0x00000000, 0x00000000, 0x00000000, 0x00000000, 0x00000000, 0x00000000, 0x00000000, 0x00000000, 0x00000000, 0x00000000, 0x00000000, 0x00000000, 
	0x00000000, 0x00000000, 0x00000000, 0x00000000, 0x00000000, 0x00000000, 0x00000000, 0x00000000, 0x00000000, 0x00000000, 0x00000000, 0x00000000, 0x00000000, 0x00000000, 0x00000000, 0x00000000, 0x00000000, 0x00000000, 0x00000000, 0x00000000, 
	0x00000000, 0x00000000, 0x00000000, 0x00000000, 0x00000000, 0x00000000, 0x00000000, 0x00000000, 0x00000000, 0x00000000, 0x00000000, 0x00000000, 0x00000000, 0x00000000, 0x00000000, 0x00000000, 0x00000000, 0x00000000, 0x00000000, 0x00000000, 
	0x00000000, 0x00000000, 0x00000000, 0x00000000, 0x00000000, 0x00000000, 0x00000000, 0x00000000, 0x00000000, 0x00000000, 0x00000000, 0x00000000, 0x00000000, 0x00000000, 0x00000000, 0x00000000, 0x00000000, 0x00000000, 0x00000000, 0x00000000, 
	0x00000000, 0x00000000, 0x00000000, 0x00000000, 0x00000000, 0x00000000, 0x00000000, 0x00000000, 0x00000000, 0x00000000, 0x00000000, 0x00000000, 0x00000000, 0x00000000, 0x00000000, 0x00000000, 0x00000000, 0x00000000, 0x00000000, 0x00000000, 
	0x00000000, 0x00000000, 0x00000000, 0x00000000, 0x00000000, 0x00000000, 0x00000000, 0x00000000, 0x00000000, 0x00000000, 0x00000000, 0x00000000, 0x00000000, 0x00000000, 0x00000000, 0x00000000, 0x00000000, 0x00000000, 0x00000000, 0x00000000, 
	0x00000000, 0x00000000, 0x00000000, 0x00000000, 0x00000000, 0x00000000, 0x00000000, 0x00000000, 0x00000000, 0x00000000, 0x00000000, 0x00000000, 0x00000000, 0x00000000, 0x00000000, 0x00000000, 0x00000000, 0x00000000, 0x00000000, 0x00000000, 
	0x00000000, 0x00000000, 0x00000000, 0x00000000, 0x00000000, 0x00000000, 0x00000000, 0x00000000, 0x00000000, 0x00000000, 0x00000000, 0x00000000, 0x00000000, 0x00000000, 0x00000000, 0x00000000, 0x00000000, 0x00000000, 0x00000000, 0x00000000, 
	0x00000000, 0x00000000, 0x00000000, 0x00000000, 0x00000000, 0x00000000, 0x00000000, 0x00000000, 0x00000000, 0x00000000, 0x00000000, 0x00000000, 0x00000000, 0x00000000, 0x00000000, 0x00000000, 0x00000000, 0x00000000, 0x00000000, 0x00000000, 
	0x00000000, 0x00000000, 0x00000000, 0x00000000, 0x00000000, 0x00000000, 0x00000000, 0x00000000, 0x00000000, 0x00000000, 0x00000000, 0x00000000, 0x00000000, 0x00000000, 0x00000000, 0x00000000, 0x00000000, 0x00000000, 0x00000000, 0x00000000, 
	0x00000000, 0x00000000, 0x00000000, 0x00000000, 0x00000000, 0x00000000, 0x00000000, 0x00000000, 0x00000000, 0x00000000, 0x00000000, 0x00000000, 0x00000000, 0x00000000, 0x00000000, 0x00000000, 0x00000000, 0x00000000, 0x00000000, 0x00000000, 
	0x00000000, 0x00000000, 0x00000000, 0x00000000, 0x00000000, 0x00000000, 0x00000000, 0x00000000, 0x00000000, 0x00000000, 0x00000000, 0x00000000, 0x00000000, 0x00000000, 0x00000000, 0x00000000, 0x00000000, 0x00000000, 0x00000000, 0x00000000, 
	0x00000000, 0x00000000, 0x00000000, 0x00000000, 0x00000000, 0x00000000, 0x00000000, 0x00000000, 0x00000000, 0x00000000, 0x00000000, 0x00000000, 0x00000000, 0x00000000, 0x00000000, 0x00000000, 0x00000000, 0x00000000, 0x00000000, 0x00000000, 
	0x00000000, 0x00000000, 0x00000000, 0x00000000, 0x00000000, 0x00000000, 0x00000000, 0x00000000, 0x00000000, 0x00000000, 0x00000000, 0x00000000, 0x00000000, 0x00000000, 0x00000000, 0x00000000, 0x00000000, 0x00000000, 0x00000000, 0x00000000, 
	0x00000000, 0x00000000, 0x00000000, 0x00000000, 0x00000000, 0x00000000, 0x00000000, 0x00000000, 0x00000000, 0x00000000, 0x00000000, 0x00000000, 0x00000000, 0x00000000, 0x00000000, 0x00000000, 0x00000000, 0x00000000, 0x00000000, 0x00000000, 
	0x00000000, 0x00000000, 0x00000000, 0x00000000, 0x00000000, 0x00000000, 0x00000000, 0x00000000, 0x00000000, 0x00000000, 0x00000000, 0x00000000, 0x00000000, 0x00000000, 0x00000000, 0x00000000, 0x00000000, 0x00000000, 0x00000000, 0x00000000, 
	0x00000000, 0x00000000, 0x00000000, 0x00000000, 0x00000000, 0x00000000, 0x00000000, 0x00000000, 0x00000000, 0x00000000, 0x00000000, 0x00000000, 0x00000000, 0x00000000, 0x00000000, 0x00000000, 0x00000000, 0x00000000, 0x00000000, 0x00000000, 
	0x00000000, 0x00000000, 0x00000000, 0x00000000, 0x00000000, 0x00000000, 0x00000000, 0x00000000, 0x00000000, 0x00000000, 0x00000000, 0x00000000, 0x00000000, 0x00000000, 0x00000000, 0x00000000, 0x00000000, 0x00000000, 0x00000000, 0x00000000, 
	0x00000000, 0x00000000, 0x00000000, 0x00000000, 0x00000000, 0x00000000, 0x00000000, 0x00000000, 0x00000000, 0x00000000, 0x00000000, 0x00000000, 0x00000000, 0x00000000, 0x00000000, 0x00000000, 0x00000000, 0x00000000, 0x00000000, 0x00000000, 
	0x00000000, 0x00000000, 0x00000000, 0x00000000, 0x00000000, 0x00000000, 0x00000000, 0x00000000, 0x00000000, 0x00000000, 0x00000000, 0x00000000, 0x00000000, 0x00000000, 0x00000000, 0x00000000, 0x00000000, 0x00000000, 0x00000000, 0x00000000, 
	0x00000000, 0x00000000, 0x00000000, 0x00000000, 0x00000000, 0x00000000, 0x00000000, 0x00000000, 0x00000000, 0x00000000, 0x00000000, 0x00000000, 0x00000000, 0x00000000, 0x00000000, 0x00000000, 0x00000000, 0x00000000, 0x00000000, 0x00000000, 
	0x00000000, 0x00000000, 0x00000000, 0x00000000, 0x00000000, 0x00000000, 0x00000000, 0x00000000, 0x00000000, 0x00000000, 0x00000000, 0x00000000, 0x00000000, 0x00000000, 0x00000000, 0x00000000, 0x00000000, 0x00000000, 0x00000000, 0x00000000, 
	0x00000000, 0x00000000, 0x00000000, 0x00000000, 0x00000000, 0x00000000, 0x00000000, 0x00000000, 0x00000000, 0x00000000, 0x00000000, 0x00000000, 0x00000000, 0x00000000, 0x00000000, 0x00000000, 0x00000000, 0x00000000, 0x00000000, 0x00000000, 
	0x00000000, 0x00000000, 0x00000000, 0x00000000, 0x00000000, 0x00000000, 0x00000000, 0x00000000, 0x00000000, 0x00000000, 0x00000000, 0x00000000, 0x00000000, 0x00000000, 0x00000000, 0x00000000, 0x00000000, 0x00000000, 0x00000000, 0x00000000, 
	0x00000000, 0x00000000, 0x00000000, 0x00000000, 0x00000000, 0x00000000, 0x00000000, 0x00000000, 0x00000000, 0x00000000, 0x00000000, 0x00000000, 0x00000000, 0x00000000, 0x00000000, 0x00000000, 0x00000000, 0x00000000, 0x00000000, 0x00000000, 
	0x00000000, 0x00000000, 0x00000000, 0x00000000, 0x00000000, 0x00000000, 0x00000000, 0x00000000, 0x00000000, 0x00000000, 0x00000000, 0x00000000, 0x00000000, 0x00000000, 0x00000000, 0x00000000, 0x00000000, 0x00000000, 0x00000000, 0x00000000, 
	0x00000000, 0x00000000, 0x00000000, 0x00000000, 0x00000000, 0x00000000, 0x00000000, 0x00000000, 0x00000000, 0x00000000, 0x00000000, 0x00000000, 0x00000000, 0x00000000, 0x00000000, 0x00000000, 0x00000000, 0x00000000, 0x00000000, 0x00000000, 
	0x00000000, 0x00000000, 0x00000000, 0x00000000, 0x00000000, 0x00000000, 0x00000000, 0x00000000, 0x00000000, 0x00000000, 0x00000000, 0x00000000, 0x00000000, 0x00000000, 0x00000000, 0x00000000, 0x00000000, 0x00000000, 0x00000000, 0x00000000, 
	0x00000000, 0x00000000, 0x00000000, 0x00000000, 0x00000000, 0x00000000, 0x00000000, 0x00000000, 0x00000000, 0x00000000, 0x00000000, 0x00000000, 0x00000000, 0x00000000, 0x00000000, 0x00000000, 0x00000000, 0x00000000, 0x00000000, 0x00000000, 
	0x00000000, 0x00000000, 0x00000000, 0x00000000, 0x00000000, 0x00000000, 0x00000000, 0x00000000, 0x00000000, 0x00000000, 0x00000000, 0x00000000, 0x00000000, 0x00000000, 0x00000000, 0x00000000, 0x00000000, 0x00000000, 0x00000000, 0x00000000, 
	0x00000000, 0x00000000, 0x00000000, 0x00000000, 0x00000000, 0x00000000, 0x00000000, 0x00000000, 0x00000000, 0x00000000, 0x00000000, 0x00000000, 0x00000000, 0x00000000, 0x00000000, 0x00000000, 0x00000000, 0x00000000, 0x00000000, 0x00000000, 
	0x00000000, 0x00000000, 0x00000000, 0x00000000, 0x00000000, 0x00000000, 0x00000000, 0x00000000, 0x00000000, 0x00000000, 0x00000000, 0x00000000, 0x00000000, 0x00000000, 0x00000000, 0x00000000, 0x00000000, 0x00000000, 0x00000000, 0x00000000, 
	0x00000000, 0x00000000, 0x00000000, 0x00000000, 0x00000000, 0x00000000, 0x00000000, 0x00000000, 0x00000000, 0x00000000, 0x00000000, 0x00000000, 0x00000000, 0x00000000, 0x00000000, 0x00000000, 0x00000000, 0x00000000, 0x00000000, 0x00000000, 
	0x00000000, 0x00000000, 0x00000000, 0x00000000, 0x00000000, 0x00000000, 0x00000000, 0x00000000, 0x00000000, 0x00000000, 0x00000000, 0x00000000, 0x00000000, 0x00000000, 0x00000000, 0x00000000, 0x00000000, 0x00000000, 0x00000000, 0x00000000
};